Fire_Nofire,latitude1,longitude2,ref #,Max of temperature,Max of soil_temperature,Max of soil_moisture, fwi, fuel, ros, sfc, tfc, bfc, hfi,estarea
1,65.9733,-116.849,1000,19.8,20.6,0.169,28.63,D1,1.965,1.312,1.312,8.92191,773,5.87
1,65.9639,-116.843,1001,19.8,20.6,0.169,28.63,D1,1.965,1.312,1.312,8.92191,773,5.87
0,65.8186,-115.615,1002,18.5,18.9,0.204,27.36,D1,1.804,1.306,1.306,9.52173,707,5.87
1,64.4676,-115.256,1003,19.5,19.9,0.183,25.81,D1,1.74,1.27,1.27,8.78606,663,5.87
1,64.4555,-115.275,1004,19.5,19.9,0.183,26.29,D1,1.806,1.274,1.274,8.78482,690,5.87
1,65.9665,-116.818,1005,19.8,20.6,0.169,28.96,D2,1.994,1.315,1.315,8.88812,787,5.87
1,65.957,-116.812,1006,19.8,20.6,0.169,28.49,D2,1.96,1.31,1.31,8.95567,770,5.87
1,65.3714,-116.671,1007,20.2,21.6,0.147,25.98,D2,1.821,1.264,1.264,8.85395,691,5.87
1,65.362,-116.665,1008,20.2,21.6,0.147,25.98,D2,1.821,1.264,1.264,8.85395,691,5.87
1,65.1375,-116.149,1009,20,21.7,0.148,25.67,D2,1.771,1.253,1.253,8.9274,666,5.87
1,64.683,-116.061,1010,20.3,21.4,0.16,24.56,D2,1.725,1.226,1.226,8.80521,634,5.87
1,65.6462,-116.516,1011,19.1,20.5,0.162,26.82,D1,1.803,1.288,1.288,9.42383,697,5.87
0,65.7362,-115.617,1012,18.4,18.6,0.201,26.69,D1,1.755,1.296,1.296,9.5908,682,5.87
0,65.7387,-115.591,1013,18.4,18.6,0.201,27.11,D1,1.793,1.301,1.301,9.65444,700,5.87
0,65.729,-115.585,1014,18.4,18.6,0.201,27.11,D1,1.793,1.301,1.301,9.65444,700,5.87
0,65.1401,-116.124,1015,20,21.7,0.148,25.82,D1,1.757,1.255,1.255,8.90738,662,5.87
0,65.1426,-116.1,1016,20,21.7,0.148,25.82,D1,1.757,1.255,1.255,8.90738,662,5.87
0,65.1331,-116.094,1017,20,21.7,0.148,25.82,D1,1.757,1.255,1.255,8.90738,662,5.87
1,64.7586,-116.033,1018,20.2,20.4,0.169,24.82,D1,1.758,1.231,1.231,8.7904,649,5.87
1,64.7611,-116.009,1019,20.2,20.4,0.169,24.59,D1,1.721,1.229,1.229,8.80817,635,5.87
1,64.7636,-115.985,1020,20.2,20.4,0.169,24.59,D1,1.721,1.229,1.229,8.80817,635,5.87
1,64.7661,-115.961,1021,20.2,20.4,0.169,24.94,D1,1.772,1.234,1.234,8.77139,656,5.87
1,64.713,-116.184,1022,20.3,21.5,0.165,24.85,D1,1.732,1.23,1.23,8.76572,639,5.87
0,64.6692,-116.002,1023,20.2,21.2,0.155,24.32,D1,1.698,1.222,1.222,8.82238,622,5.87
0,64.6717,-115.978,1024,20.2,21.2,0.155,24.69,D1,1.842,1.227,1.227,8.7841,678,5.87
0,64.6598,-115.997,1025,20.2,21.2,0.155,24.32,D1,1.698,1.222,1.222,8.82238,622,5.87
1,65.605,-116.111,1026,18.8,20.2,0.186,27.11,D2,1.823,1.292,1.292,9.40156,707,5.87
1,65.5392,-115.74,1027,18.8,20.1,0.171,26.26,D2,1.789,1.281,1.281,9.56054,688,5.87
1,64.9869,-121.656,1028,21.8,22.6,0.118,29.72,C1,1.374,1.357,1.357,1.357,559,8.54
1,65.7111,-127.648,1029,28,27.8,0.086,19.84,C1,0.328,1.295,1.295,1.295,127,8.54
1,65.707,-127.67,1030,28.4,27.9,0.087,19.84,C1,0.328,1.295,1.295,1.295,127,8.54
1,65.7196,-127.658,1031,28.4,27.9,0.087,19.84,C1,0.328,1.295,1.295,1.295,127,8.54
1,65.7203,-127.69,1032,28.4,27.9,0.087,19.95,C1,0.333,1.3,1.3,1.3,130,8.54
1,67.3055,-129.903,1033,27.3,24.1,0.189,17.42,C1,0.046,1.27,1.27,1.27,18,8.54
1,67.3616,-130.359,1034,28.5,26.5,0.136,19.47,C1,0.093,1.324,1.324,1.324,37,8.54
1,67.3701,-130.37,1035,28.5,26.5,0.136,19.22,C1,0.089,1.317,1.317,1.317,35,8.54
1,67.5901,-130.529,1036,28.1,26.8,0.136,17.12,C1,0.059,1.239,1.239,1.239,22,8.54
1,67.603,-130.517,1037,28.1,26.8,0.136,17.12,C1,0.059,1.239,1.239,1.239,22,8.54
1,67.5985,-130.541,1038,28.1,26.8,0.136,17.12,C1,0.059,1.239,1.239,1.239,22,8.54
1,67.1492,-132.917,1039,30.9,28.6,0.088,18.88,C1,0.214,1.333,1.333,1.333,86,8.54
1,67.158,-132.929,1040,30.9,28,0.153,18.88,C1,0.214,1.333,1.333,1.333,86,8.54
1,67.1525,-132.955,1041,31,28.4,0.12,18.88,C1,0.214,1.333,1.333,1.333,86,8.54
1,64.5749,-119.601,1042,20,21.8,0.269,24.05,C1,0.716,1.323,1.323,1.323,284,8.54
1,64.5822,-119.763,1043,19.9,21.9,0.27,23.87,C1,0.682,1.316,1.316,1.316,269,8.54
1,64.5936,-119.749,1044,19.9,21.8,0.275,23.87,C1,0.682,1.316,1.316,1.316,269,8.54
1,64.6732,-121.25,1045,23,23.4,0.45,26.16,M1_25,3.324,1.932,1.932,0.618762,1927,8.54
1,64.0655,-125.7,1046,24.5,23.4,0.184,12.34,M1_25,1.464,1.265,1.265,5.1719,556,8.54
1,64.1236,-125.64,1047,24.2,23.8,0.186,12.51,M1_25,1.588,1.294,1.294,4.72205,616,8.54
1,64.5618,-125.602,1048,24.9,24.1,0.247,20.75,M1_25,2.497,1.813,1.813,0.93631,1358,8.54
1,64.5667,-125.631,1049,24.9,24.1,0.247,20.75,M1_25,2.497,1.813,1.813,0.93631,1358,8.54
1,64.7551,-125.729,1050,27.4,27.5,0.215,21.95,M1_25,2.58,1.851,1.851,0.823259,1433,8.54
1,64.7672,-125.717,1051,27.4,27.5,0.215,21.95,M1_25,2.58,1.851,1.851,0.823259,1433,8.54
1,64.7636,-125.738,1052,27.4,27.5,0.215,21.95,M1_25,2.58,1.851,1.851,0.823259,1433,8.54
1,64.7757,-125.725,1053,27.4,27.5,0.215,21.95,M1_25,2.58,1.851,1.851,0.823259,1433,8.54
1,65.5214,-127.115,1054,27.1,28.1,0.096,20.87,M1_25,2.342,1.825,1.825,0.899366,1282,8.54
1,67.2771,-130.273,1055,28.5,27,0.143,20.04,M1_65,3.004,3.401,3.401,0.180835,3065,8.54
1,67.2524,-132.537,1056,31,29.4,0.123,19.69,M1_50,3.054,2.46,2.46,0.737456,2254,8.54
1,67.2977,-132.374,1057,31,30.4,0.114,19.56,M1_50,3.032,2.481,2.481,0.701955,2257,8.54
1,64.1861,-121.586,1058,22.9,23.5,0.435,19.89,M1_65,5.534,2.292,2.40107,1.98884,3986,8.54
1,64.1832,-121.606,1059,22.9,23.5,0.435,19.89,M1_65,5.534,2.292,2.34378,1.98884,3891,8.54
1,64.1946,-121.593,1060,22.9,23.5,0.435,19.89,M1_65,5.534,2.292,2.4023,1.98884,3988,8.54
1,64.1917,-121.612,1061,22.9,23.5,0.435,19.89,M1_65,5.534,2.292,2.35981,1.98884,3918,8.54
0,67.7077,-130.131,1062,27.8,26.9,0.121,16.86,D1,0.556,1.371,1.371,2.76451,229,8.54
0,67.7034,-130.154,1063,27.8,26.9,0.121,16.86,D1,0.556,1.371,1.371,2.76451,229,8.54
0,67.699,-130.178,1064,27.9,27,0.124,16.72,D1,0.54,1.38,1.38,2.41858,224,8.54
1,67.7551,-129.821,1065,28,27.2,0.127,18.29,D1,0.67,1.372,1.372,3.02578,276,8.54
1,64.2202,-124.012,1066,21.2,20.5,0.206,13.28,D1,0.689,1.046,1.046,9.65965,216,8.54
1,64.2169,-124.032,1067,21.2,20.5,0.206,13.28,D1,0.689,1.046,1.046,9.65965,216,8.54
1,64.2287,-124.019,1068,21.2,20.5,0.206,13.28,D1,0.689,1.046,1.046,9.65965,216,8.54
1,64.2254,-124.039,1069,21.2,20.5,0.206,13.28,D1,0.689,1.046,1.046,9.65965,216,8.54
1,64.8564,-119.685,1070,20.5,21.8,0.316,24.22,D1,1.424,1.295,1.295,7.93659,553,8.54
0,66.8796,-128.53,1071,27.1,26.5,0.386,20.02,D2,1.027,1.315,1.315,4.02496,405,8.54
0,66.9621,-128.963,1072,27,27.2,0.258,19.23,D1,0.758,1.363,1.363,2.85885,310,8.54
0,66.8691,-129.518,1073,27.6,28.5,0.217,19.26,D1,0.711,1.392,1.392,1.91102,297,8.54
1,66.2111,-130.655,1074,30,27.2,0.399,21.21,D1,0.976,1.339,1.339,4.10244,392,8.54
1,65.686,-127.673,1075,28.4,27.9,0.087,19.83,D1,0.997,1.255,1.255,7.07833,375,8.54
1,65.6945,-127.683,1076,28.4,27.9,0.087,19.83,D1,0.997,1.255,1.255,7.07833,375,8.54
1,65.6905,-127.704,1077,28.4,27.9,0.087,19.83,D1,0.997,1.255,1.255,7.07833,375,8.54
0,65.6934,-127.577,1078,28,27.8,0.086,19.68,D2,1.02,1.252,1.252,7.11139,383,8.54
0,65.6894,-127.598,1079,28,27.8,0.086,19.68,D2,1.02,1.252,1.252,7.11139,383,8.54
1,66.8327,-129.85,1080,28.8,28.4,0.263,20.53,D1,0.741,1.422,1.422,1.422,316,8.54
1,66.8282,-129.874,1081,28.8,28.4,0.263,20.53,D1,0.741,1.422,1.422,1.422,316,8.54
1,67.7758,-129.933,1082,27.9,26,0.14,17.7,D2,0.612,1.357,1.357,3.32744,249,8.54
0,67.7285,-130.188,1083,27.9,27,0.124,17.23,D2,0.592,1.368,1.368,2.81997,243,8.54
1,64.1676,-125.732,1084,25.2,25.6,0.161,17.63,D1,1.06,1.115,1.115,9.31066,355,8.54
1,67.7039,-129.835,1085,28,27.2,0.125,18.46,D2,0.643,1.396,1.396,2.05276,269,8.54
1,67.7171,-129.914,1086,27.9,26.7,0.126,16.94,D2,0.567,1.373,1.373,2.68272,234,8.54
1,67.7887,-129.75,1087,28.1,28.5,0.114,18.41,D2,0.682,1.367,1.367,3.22823,280,8.54
1,67.7887,-129.807,1088,28,27.2,0.127,17.78,D2,0.67,1.357,1.357,3.36074,273,8.54
1,67.7844,-129.83,1089,28,27.2,0.127,17.78,D2,0.67,1.357,1.357,3.36074,273,8.54
1,67.7803,-129.853,1090,27.9,26,0.14,16.93,D2,0.627,1.35,1.35,3.40166,254,8.54
0,67.7245,-130.153,1091,27.8,26.9,0.121,17.23,D2,0.592,1.368,1.368,2.81997,243,8.54
0,67.7201,-130.177,1092,27.9,27,0.124,17.23,D2,0.592,1.368,1.368,2.81997,243,8.54
1,64.5755,-119.528,1093,20,21.8,0.274,24.37,O1a,0.006,0.35,0.35,0.35,1,8.54
1,64.5828,-119.54,1094,20,21.8,0.274,24.25,O1a,0,0.35,0.35,0.35,0,8.54
1,64.7163,-118.862,1095,19.7,21.4,0.33,24.49,O1a,0,0.35,0.35,0.35,0,8.54
1,64.0962,-125.754,1096,24.5,23.4,0.184,14.13,D1,0.737,1,1,9.76468,221,8.54
1,64.1199,-125.66,1097,24.5,23.4,0.184,13.16,D1,0.62,0.971,0.971,9.87674,181,8.54
1,64.1381,-125.727,1098,24.5,23.4,0.184,16.45,D1,0.976,1.08,1.08,9.33467,316,8.54
1,64.4247,-125.824,1099,23.5,22.8,0.164,13.48,D1,0.634,1.085,1.085,8.81562,206,8.54
1,64.4209,-125.845,1100,23.5,22.8,0.164,13.48,D1,0.634,1.085,1.085,8.81562,206,8.54
1,64.6273,-124.829,1101,26.2,26.5,0.221,25.07,D1,1.409,1.33,1.33,6.90392,562,8.54
1,64.6358,-124.837,1102,26.2,26.5,0.221,25.07,D1,1.409,1.33,1.33,6.90392,562,8.54
0,64.6324,-124.857,1103,26.5,26.9,0.213,25.07,D1,1.409,1.33,1.33,6.90392,562,8.54
0,64.629,-124.878,1104,26.5,26.9,0.213,24.9,D1,1.385,1.327,1.327,6.76515,551,8.54
1,64.5642,-125.532,1105,25,25,0.254,19.05,D1,0.859,1.241,1.241,7.52292,320,8.54
1,64.5654,-125.582,1106,24.9,24.1,0.247,21.39,D1,1.06,1.278,1.278,7.13032,406,8.54
1,64.6797,-124.978,1107,27,27.5,0.196,25.41,D1,1.454,1.333,1.333,6.63691,581,8.54
1,64.5739,-125.59,1108,24.9,24.1,0.247,21.39,D1,1.06,1.278,1.278,7.13032,406,8.54
1,64.5703,-125.611,1109,24.9,24.1,0.247,21.39,D1,1.06,1.278,1.278,7.13032,406,8.54
1,64.5753,-125.639,1110,24.9,24.1,0.247,20.33,D1,1.113,1.261,1.261,7.28649,421,8.54
1,64.6818,-125.532,1111,26.2,26.5,0.23,21.92,D1,1.202,1.29,1.29,6.92442,465,8.54
1,64.6783,-125.553,1112,26.2,26.5,0.233,21.23,D1,1.143,1.28,1.28,7.00628,439,8.54
1,64.6868,-125.561,1113,26.2,26.5,0.233,21.23,D1,1.143,1.28,1.28,7.00628,439,8.54
1,64.8345,-124.87,1114,27.2,27.9,0.179,25.13,D1,1.415,1.331,1.331,6.88571,565,8.54
1,64.704,-125.679,1115,26.4,26.5,0.237,18.46,D1,0.977,1.236,1.236,7.35362,362,8.54
1,64.7209,-125.696,1116,26.4,26.5,0.237,21.45,D1,1.137,1.282,1.282,6.93794,437,8.54
1,64.7295,-125.704,1117,26.4,26.5,0.237,21.45,D1,1.137,1.282,1.282,6.93794,437,8.54
1,64.7667,-125.548,1118,27.2,27.4,0.213,23.26,D1,1.268,1.306,1.306,6.74553,497,8.54
1,64.7632,-125.569,1119,27.2,27.4,0.213,22.99,D1,1.251,1.303,1.303,6.76953,489,8.54
1,64.7538,-125.68,1120,27.4,27.5,0.215,21.93,D1,1.185,1.288,1.288,6.87864,458,8.54
1,64.7623,-125.688,1121,27.4,27.5,0.215,21.93,D1,1.185,1.288,1.288,6.87864,458,8.54
1,64.866,-125.482,1122,27.4,27.4,0.212,24.34,D1,1.338,1.318,1.318,6.58476,529,8.54
1,65.0042,-125.019,1123,27.5,28.6,0.101,24.8,D1,1.394,1.326,1.326,6.67141,555,8.54
1,65.0187,-125.276,1124,27.6,28.3,0.133,24.15,D1,1.352,1.316,1.316,6.66906,534,8.54
1,65.0152,-125.296,1125,27.6,28.3,0.133,24.13,D1,1.354,1.316,1.316,6.65791,535,8.54
1,65.0117,-125.317,1126,27.6,28.3,0.133,24.13,D1,1.354,1.316,1.316,6.65791,535,8.54
1,65.0272,-125.284,1127,27.6,28.3,0.133,24.16,D1,1.353,1.316,1.316,6.65933,534,8.54
1,65.0237,-125.304,1128,27.6,28.3,0.133,24.01,D1,1.343,1.314,1.314,6.66473,529,8.54
1,65.0202,-125.325,1129,27.6,28.3,0.133,24.01,D1,1.343,1.314,1.314,6.66473,529,8.54
1,65.0287,-125.333,1130,27.6,28.3,0.133,24.01,D1,1.343,1.314,1.314,6.66473,529,8.54
1,65.007,-125.576,1131,27.1,27.1,0.218,23.32,D1,1.299,1.304,1.304,6.65829,508,8.54
1,65.0132,-125.589,1132,27.1,27.1,0.218,23.32,D1,1.299,1.304,1.304,6.65829,508,8.54
1,65.0097,-125.609,1133,27.1,27.1,0.218,23.32,D1,1.299,1.304,1.304,6.65829,508,8.54
1,65.0288,-125.556,1134,27.1,27.1,0.218,23.52,D1,1.316,1.306,1.306,6.63366,516,8.54
1,65.0253,-125.576,1135,27.1,27.1,0.218,23.52,D1,1.316,1.306,1.306,6.63366,516,8.54
1,65.0217,-125.597,1136,27.1,27.1,0.218,23.24,D1,1.292,1.303,1.303,6.65826,505,8.54
1,65.0374,-125.564,1137,27.1,27.1,0.218,23.52,D1,1.316,1.306,1.306,6.63366,516,8.54
1,65.0338,-125.585,1138,27.1,27.1,0.218,23.52,D1,1.316,1.306,1.306,6.63366,516,8.54
1,65.0303,-125.605,1139,27.1,27.1,0.218,23.24,D1,1.292,1.303,1.303,6.65826,505,8.54
1,65.0494,-125.552,1140,26.9,27.5,0.129,23.56,D1,1.321,1.307,1.307,6.63042,518,8.54
1,65.0459,-125.572,1141,26.9,27.5,0.129,23.11,D1,1.309,1.301,1.301,6.676,511,8.54
1,65.0423,-125.593,1142,27.1,27.1,0.218,23.11,D1,1.309,1.301,1.301,6.676,511,8.54
1,65.0388,-125.613,1143,27.1,27.1,0.218,22.35,D1,1.263,1.291,1.291,6.76204,489,8.54
0,65.3739,-125.308,1144,26,26.4,0.229,22.69,D1,1.236,1.296,1.296,6.81597,481,8.54
1,66.3483,-119.518,1145,20.1,25.2,0.176,30.7,D1,2.13,1.344,1.344,7.21471,859,8.54
1,66.3599,-119.502,1146,20.1,25.2,0.176,30.12,D1,2.063,1.338,1.338,7.29932,828,8.54
1,66.3572,-119.525,1147,20.1,25.2,0.176,30.4,D1,2.088,1.341,1.341,7.23937,840,8.54
1,66.3544,-119.548,1148,20.1,25,0.181,30.4,D1,2.088,1.341,1.341,7.23937,840,8.54
1,66.3746,-119.518,1149,20.1,25.2,0.176,30.12,D1,2.063,1.338,1.338,7.29932,828,8.54
1,66.3718,-119.541,1150,20.1,25.2,0.176,30.4,D1,2.088,1.341,1.341,7.23937,840,8.54
1,65.4368,-127.077,1151,28.2,29.6,0.072,21.72,D1,1.147,1.284,1.284,6.68662,442,8.54
1,65.4329,-127.098,1152,28.2,29.6,0.072,21.72,D1,1.147,1.284,1.284,6.68662,442,8.54
1,65.6374,-129.439,1153,29.8,28.2,0.196,20.53,D1,1.033,1.285,1.285,5.16229,398,8.54
0,65.6644,-129.357,1154,30.4,29.6,0.188,20.47,D1,1.039,1.281,1.281,5.15013,399,8.54
1,65.6369,-129.496,1155,29.8,27.4,0.19,20.77,D1,1.055,1.289,1.289,5.08729,408,8.54
1,65.6323,-129.519,1156,29.8,27.4,0.19,20.46,D1,1.034,1.285,1.285,5.14841,399,8.54
1,65.6277,-129.542,1157,29.8,27.4,0.19,19.8,D1,1.022,1.276,1.276,5.26015,391,8.54
1,65.6232,-129.565,1158,29.6,27,0.189,19.8,D1,1.022,1.276,1.276,5.26015,391,8.54
1,65.6185,-129.588,1159,29.6,27,0.189,19.7,D1,0.951,1.276,1.276,5.27587,364,8.54
1,65.6138,-129.612,1160,29.6,27,0.189,19.7,D1,0.951,1.276,1.276,5.27587,364,8.54
1,65.6092,-129.635,1161,29.6,27,0.189,19.64,D1,0.964,1.275,1.275,5.28856,369,8.54
0,65.6732,-129.367,1162,30.4,29.6,0.188,20.47,D1,1.039,1.281,1.281,5.15013,399,8.54
1,65.6179,-129.646,1163,29.6,27,0.189,20.46,D1,1.061,1.289,1.289,5.11295,410,8.54
1,65.6132,-129.669,1164,29.5,26.9,0.19,20.46,D1,1.061,1.289,1.289,5.11295,410,8.54
0,66.0066,-130.057,1165,30.3,28.6,0.257,21.36,D1,1.051,1.314,1.314,4.2268,414,8.54
0,66.0106,-130.092,1166,30.3,28.6,0.257,21.36,D1,1.051,1.314,1.314,4.2268,414,8.54
1,66.0509,-130.053,1167,30.1,27.5,0.385,21.77,D1,1.079,1.319,1.319,4.05747,427,8.54
1,66.0693,-130.139,1168,30.1,27.5,0.385,21.72,D1,1.068,1.321,1.321,4.04732,423,8.54
0,66.0582,-130.303,1169,30,27.5,0.399,21.3,D1,1.029,1.321,1.321,4.16368,408,8.54
0,65.885,-131.89,1170,30.4,28.8,0.065,18.38,D1,0.757,1.303,1.303,5.27907,296,8.54
1,66.2004,-130.492,1171,30.1,27.4,0.392,21.62,D1,1.018,1.338,1.338,3.91697,409,8.54
1,67.0171,-128.87,1172,27,27.3,0.275,19.07,D1,0.745,1.359,1.359,2.89488,304,8.54
0,66.9922,-129.005,1173,27,27.2,0.258,18.84,D1,0.714,1.365,1.365,2.79861,292,8.54
1,66.8506,-129.757,1174,28,27.5,0.254,19.21,C2,4.285,4.152,4.54833,6.8769,5847,8.54
1,66.8884,-129.891,1175,28.1,26.6,0.307,20.23,C2,4.364,4.284,4.69214,7.18425,6143,8.54
1,65.69,-127.651,1176,28,27.8,0.086,19.57,C2,5.99,3.379,3.59023,7.9772,6452,8.54
0,65.7025,-127.639,1177,28,27.8,0.086,19.57,C2,5.99,3.379,3.87808,7.9772,6969,8.54
1,65.6985,-127.661,1178,28.4,27.9,0.087,19.57,C2,5.99,3.379,3.88883,7.9772,6988,8.54
0,65.6979,-127.608,1179,28,27.8,0.086,20.22,C2,6.26,3.424,3.50674,8.059,6586,8.54
0,65.694,-127.629,1180,28,27.8,0.086,19.57,C2,5.99,3.379,3.55505,7.9772,6388,8.54
1,66.8839,-129.915,1181,28.1,26.6,0.307,20.23,C2,4.364,4.284,4.55156,7.18425,5959,8.54
1,67.2491,-132.499,1182,31,29.4,0.123,19.2,C2,5.183,3.609,4.06404,6.61462,6319,8.54
1,67.2437,-132.524,1183,30.7,28.4,0.119,19.2,C2,5.183,3.609,3.75813,6.61462,5844,8.54
1,67.1743,-132.853,1184,30.9,28,0.153,18.98,C2,5.27,3.529,3.98404,6.3046,6299,8.54
1,67.1634,-132.904,1185,30.9,28,0.153,19.04,C2,5.304,3.529,3.98404,6.30699,6339,8.54
1,67.6272,-130.667,1186,28.7,29.5,0.089,16.79,C2,3.518,3.977,4.46476,6.74404,4712,8.54
1,67.2735,-132.436,1187,31,30.4,0.114,19.09,C2,5.144,3.604,3.68963,6.65901,5694,8.54
1,67.2578,-132.511,1188,31,29.4,0.123,19.07,C2,5.164,3.596,4.0437,6.65479,6265,8.54
1,67.1776,-132.891,1189,30.9,28,0.153,19.2,C2,5.487,3.528,3.76588,6.30932,6199,8.54
1,67.1722,-132.916,1190,30.9,28,0.153,19.2,C2,5.487,3.528,3.83935,6.30932,6320,8.54
1,67.6356,-130.679,1191,28.7,29.5,0.089,16.79,C2,3.518,3.977,4.3691,6.74404,4611,8.54
1,67.1809,-132.929,1192,30.9,28,0.153,19.2,C2,5.487,3.528,3.79029,6.30932,6239,8.54
1,67.1897,-132.941,1193,30.9,28,0.153,19.04,C2,5.45,3.508,3.83843,6.27984,6276,8.54
1,67.2682,-132.461,1194,31,29.4,0.123,19.09,C2,5.144,3.604,4.11868,6.65901,6356,8.54
1,64.5702,-119.71,1195,19.9,21.8,0.275,24.18,C2,8.266,3.586,3.97178,9.23079,9849,8.54
1,64.5789,-119.716,1196,19.9,21.8,0.275,24.18,C2,8.266,3.586,4.63333,9.23079,11490,8.54
1,64.6099,-125.048,1197,26.4,27.2,0.153,24.55,C2,8.381,3.68,4.17494,9.01932,10497,8.54
1,64.6163,-125.059,1198,26.4,27.2,0.153,24.31,C2,8.13,3.668,4.1485,8.97766,10118,8.54
1,64.5789,-125.619,1199,24.9,24.1,0.247,21.53,C2,5.696,3.507,3.81916,8.4369,6526,8.54
1,64.6818,-125.246,1200,26.7,27.2,0.204,23.62,C2,7.788,3.636,3.99177,8.8115,9326,8.54
1,64.6697,-125.544,1201,26.2,26.5,0.23,21.01,C2,6.506,3.483,3.61321,8.35661,7052,8.54
1,64.8482,-124.841,1202,26.9,28,0.116,25.22,C2,8.444,3.735,3.79077,9.26991,9603,8.54
1,64.8448,-124.862,1203,27.2,27.9,0.179,25.22,C2,8.444,3.735,3.79865,9.26991,9623,8.54
1,64.7075,-125.658,1204,26.4,26.5,0.237,21.48,C2,6.891,3.516,3.628,8.35122,7500,8.54
1,66.0712,-121.812,1205,18.9,21.5,0.095,24.96,C2,8.942,3.591,4.32068,8.77221,11591,8.54
1,66.0791,-121.824,1206,18.9,21.5,0.095,24.96,C2,8.942,3.591,4.67712,8.77221,12547,8.54
1,66.0762,-121.845,1207,18.9,21.5,0.095,24.96,C2,8.942,3.591,3.591,8.77221,9633,8.54
1,65.4271,-127.035,1208,27.8,28.8,0.084,21.73,C2,6.888,3.521,3.66787,8.152,7579,8.54
1,65.6429,-126.818,1209,26.4,27.1,0.107,22.49,C2,6.884,3.576,3.62153,8.41058,7479,8.54
1,66.0333,-125.568,1210,25.1,25.1,0.319,19.98,C2,6.382,3.347,3.9886,8.27719,7637,8.54
1,65.7252,-127.774,1211,28.8,28,0.087,20.38,C2,6.313,3.439,3.439,7.97093,6513,8.54
1,65.7338,-127.784,1212,28.8,28,0.087,20.38,C2,6.313,3.439,3.63558,7.97093,6885,8.54
1,66.8512,-129.644,1213,27.7,28.5,0.214,19.17,C2,4.378,4.09,4.55405,6.8076,5981,8.54
1,66.8597,-129.655,1214,27.8,28.5,0.211,19.17,C2,4.378,4.09,4.09237,6.8076,5375,8.54
0,67.2333,-129.863,1215,27.6,24.6,0.179,17.16,C2,3.192,4.332,4.68637,6.83745,4488,8.54
0,67.2374,-129.897,1216,27.6,24.6,0.179,16.88,C2,3.181,4.329,4.84874,6.80852,4627,8.54
1,67.2459,-129.908,1217,27.3,24.1,0.189,16.88,C2,3.181,4.329,4.66324,6.80852,4450,8.54
0,67.2415,-129.931,1218,27.6,24.6,0.179,16.88,C2,3.181,4.329,4.73179,6.80852,4516,8.54
1,64.1865,-146.404,1219,22.6,21.4,0.286,18,C2,3.98092,3.9631,4.09209,7.74531,4887,16.43
1,64.0899,-146.515,1220,21,20.3,0.326,22.1,C2,6.07825,3.94384,4.03221,7.62857,7353,16.43
1,66.2268,-138.93,1221,28.2,28.5,0.066,19.91,C2,6.154,3.346,3.346,7.62722,6177,18.04
1,66.0336,-137.633,1222,28.5,27,0.093,21.84,C2,7.286,3.476,3.47679,7.1211,7600,18.04
1,68.5871,-133.253,1223,28.9,26.4,0.17,19.2,D2,1.08802,1.20138,1.20138,6.0403,392,9.23
1,68.5375,-133.367,1224,29,26,0.18,19.2,D2,1.08802,1.20138,1.20138,6.0403,392,9.23
1,68.5819,-133.278,1225,28.8,26.7,0.162,19.2,D2,1.08802,1.20138,1.20138,6.0403,392,9.23
0,68.4796,-133.143,1226,29,26.3,0.15,18,D1,0.912619,1.21578,1.21578,3.2682,333,9.23
1,67.9464,-138.798,1227,30.1,26.2,0.19,16.83,O1a,0,0.35,0.35,0.35,0,18.04
1,67.9556,-138.815,1228,30.1,26.2,0.19,16.79,D1,0.82,1.204,1.204,7.60988,296,18.04
1,67.9348,-138.684,1229,30,26.6,0.159,16.62,D1,0.806,1.2,1.2,7.64845,290,18.04
1,67.9475,-138.846,1230,30.5,27,0.173,17.01,M1_25,1.876,1.711,1.711,1.30179,963,18.04
1,67.9383,-138.829,1231,30.5,26.9,0.171,17.06,M1_25,1.882,1.714,1.714,1.29204,968,18.04
1,67.936,-138.733,1232,30,26.6,0.159,16.88,M1_25,1.858,1.706,1.706,1.32508,951,18.04
1,67.944,-138.701,1233,30,26.6,0.159,16.66,M1_25,1.83,1.696,1.696,1.36492,931,18.04
1,67.9268,-138.716,1234,30,26.6,0.159,16.88,M1_25,1.855,1.706,1.706,1.32392,949,18.04
1,67.9176,-138.699,1235,30,26.6,0.159,16.88,M1_25,1.855,1.706,1.706,1.32392,949,18.04
1,67.8416,-138.833,1236,30.8,28.1,0.109,17.84,D1,0.866,1.235,1.235,7.00237,321,18.04
1,67.8497,-138.801,1237,30.5,26.9,0.171,17.68,D1,0.86,1.23,1.23,7.10587,317,18.04
1,67.8047,-138.765,1238,30.8,28.1,0.109,17.76,D1,0.86,1.234,1.234,7.00148,318,18.04
1,67.9061,-138.586,1239,29.6,26.5,0.131,16.34,M1_25,1.782,1.686,1.686,1.41318,901,18.04
1,67.8979,-138.612,1240,29.6,26.5,0.131,16.58,M1_25,1.815,1.696,1.696,1.36895,923,18.04
1,68.6258,-133.117,1241,28.9,26,0.18,19.2,D1,1.08802,1.20138,1.20138,6.0403,392,9.23
1,68.5781,-133.404,1242,28.9,27.1,0.155,19.2,D2,1.08802,1.20138,1.20138,6.0403,392,9.23
1,68.6053,-133.38,1243,28.9,27.1,0.155,19.2,D2,1.08802,1.20138,1.20138,6.0403,392,9.23
1,68.5646,-133.416,1244,28.9,27.1,0.155,19.2,D2,1.08802,1.20138,1.20138,6.0403,392,9.23
1,68.5426,-133.342,1245,28.9,26.1,0.174,19.2,D2,1.08802,1.20138,1.20138,6.0403,392,9.23
1,68.5342,-133.329,1246,28.9,26.1,0.174,19.2,D2,1.08802,1.20138,1.20138,6.0403,392,9.23
1,68.5922,-133.228,1247,28.9,26.4,0.17,19.2,D2,1.08802,1.20138,1.20138,6.0403,392,9.23
1,68.5814,-133.042,1248,29,25.9,0.186,19.2,D2,1.08802,1.20138,1.20138,6.0403,392,9.23
1,68.5562,-133.403,1249,28.9,27.1,0.155,19.2,D2,1.08802,1.20138,1.20138,6.0403,392,9.23
1,68.5973,-133.203,1250,28.9,26.4,0.17,19.2,D2,1.08802,1.20138,1.20138,6.0403,392,9.23
1,68.6392,-133.105,1251,28.9,26,0.18,19.2,D2,1.08802,1.20138,1.20138,6.0403,392,9.23
1,68.6104,-133.355,1252,28.9,27.1,0.155,19.2,D2,1.08802,1.20138,1.20138,6.0403,392,9.23
1,68.5932,-133.093,1253,28.9,26,0.18,19.2,D2,1.08802,1.20138,1.20138,6.0403,392,9.23
1,68.5614,-133.378,1254,28.9,27.1,0.155,19.2,D2,1.08802,1.20138,1.20138,6.0403,392,9.23
1,68.5955,-133.266,1255,28.8,26.7,0.162,19.2,D2,1.08802,1.20138,1.20138,6.0403,392,9.23
1,68.5987,-133.304,1256,28.8,26.7,0.162,19.2,D2,1.08802,1.20138,1.20138,6.0403,392,9.23
1,68.573,-133.429,1257,28.9,27.1,0.155,19.2,D2,1.08802,1.20138,1.20138,6.0403,392,9.23
1,68.6155,-133.33,1258,28.8,26.7,0.162,19.2,D2,1.08802,1.20138,1.20138,6.0403,392,9.23
0,68.4847,-133.118,1259,29,26.3,0.15,18,D2,0.912619,1.21578,1.21578,3.2682,333,9.23
1,68.4985,-133.341,1260,28.9,26.1,0.174,18,D2,0.912619,1.21578,1.21578,3.2682,333,9.23
1,68.4867,-133.29,1261,28.9,26.1,0.174,18,D2,0.912619,1.21578,1.21578,3.2682,333,9.23
1,68.4731,-133.302,1262,28.9,26.1,0.174,18,D2,0.912619,1.21578,1.21578,3.2682,333,9.23
1,68.4782,-133.277,1263,28.9,26.1,0.174,18,D2,0.912619,1.21578,1.21578,3.2682,333,9.23
1,68.5849,-133.243,1264,28.9,26.4,0.17,19.2,D2,1.08802,1.20138,1.20138,6.0403,392,9.23
1,68.59,-133.218,1265,28.9,26.4,0.17,19.2,D2,1.08802,1.20138,1.20138,6.0403,392,9.23
1,68.5664,-133.28,1266,28.8,26.7,0.162,19.2,D2,1.08802,1.20138,1.20138,6.0403,392,9.23
1,68.551,-133.355,1267,28.9,27.1,0.155,19.2,D2,1.08802,1.20138,1.20138,6.0403,392,9.23
1,68.5714,-133.255,1268,28.8,26.7,0.162,19.2,D2,1.08802,1.20138,1.20138,6.0403,392,9.23
1,68.5595,-133.368,1269,28.9,27.1,0.155,19.2,D2,1.08802,1.20138,1.20138,6.0403,392,9.23
1,68.5747,-133.293,1270,28.8,26.7,0.162,19.2,D2,1.08802,1.20138,1.20138,6.0403,392,9.23
1,68.5798,-133.268,1271,28.8,26.7,0.162,19.2,D2,1.08802,1.20138,1.20138,6.0403,392,9.23
1,68.5543,-133.393,1272,28.9,27.1,0.155,19.2,D2,1.08802,1.20138,1.20138,6.0403,392,9.23
1,68.5903,-133.291,1273,28.8,26.7,0.162,19.2,D2,1.08802,1.20138,1.20138,6.0403,392,9.23
1,68.5459,-133.38,1274,28.9,27.1,0.155,19.2,D2,1.08802,1.20138,1.20138,6.0403,392,9.23
1,68.6016,-133.105,1275,28.9,26,0.18,19.2,D2,1.08802,1.20138,1.20138,6.0403,392,9.23
1,68.6066,-133.081,1276,28.9,26,0.18,19.2,D2,1.08802,1.20138,1.20138,6.0403,392,9.23
1,68.5816,-133.205,1277,28.9,26.4,0.17,19.2,D2,1.08802,1.20138,1.20138,6.0403,392,9.23
1,68.6308,-133.092,1278,28.9,26,0.18,19.2,D2,1.08802,1.20138,1.20138,6.0403,392,9.23
1,68.5697,-133.391,1279,28.9,27.1,0.155,19.2,D2,1.08802,1.20138,1.20138,6.0403,392,9.23
1,68.5291,-133.354,1280,29,26,0.18,18,D2,0.912619,1.21578,1.21578,3.2682,333,9.23
1,68.6174,-133.104,1281,28.9,26,0.18,19.2,C1,0.379145,1.31279,1.31279,1.31279,149,9.23
1,68.615,-133.094,1282,28.9,26,0.18,19.2,C1,0.379145,1.31279,1.31279,1.31279,149,9.23
1,68.5833,-133.379,1283,28.9,27.1,0.155,19.2,C1,0.379145,1.31279,1.31279,1.31279,149,9.23
1,68.5866,-133.417,1284,28.9,27.1,0.155,19.2,C1,0.379145,1.31279,1.31279,1.31279,149,9.23
1,68.6224,-133.079,1285,28.9,26,0.18,19.2,C1,0.379145,1.31279,1.31279,1.31279,149,9.23
1,68.6124,-133.128,1286,28.9,26,0.18,19.2,C1,0.379145,1.31279,1.31279,1.31279,149,9.23
1,68.602,-133.342,1287,28.8,26.7,0.162,19.2,C1,0.379145,1.31279,1.31279,1.31279,149,9.23
1,68.6116,-133.056,1288,28.9,26,0.18,19.2,C1,0.379145,1.31279,1.31279,1.31279,149,9.23
1,68.6199,-133.069,1289,28.9,26,0.18,19.2,C1,0.379145,1.31279,1.31279,1.31279,149,9.23
1,68.61,-133.118,1290,28.9,26,0.18,19.2,C1,0.379145,1.31279,1.31279,1.31279,149,9.23
1,68.6274,-133.055,1291,28.9,26,0.18,19.2,C1,0.379145,1.31279,1.31279,1.31279,149,9.23
1,68.6239,-133.343,1292,28.8,26.7,0.162,19.2,C1,0.379145,1.31279,1.31279,1.31279,149,9.23
1,66.3674,-142.595,1293,30.2,28.5,0.195,27.3,O1b,1.29607,0.35,0.35,0.35,136,16.43
1,66.3779,-142.616,1294,30.2,28.5,0.195,27.3,O1b,1.29607,0.35,0.35,0.35,136,16.43
1,65.1508,-147.759,1295,22.2,21.4,0.284,18,M2_50,1.91519,2.69523,2.69523,0.434729,1549,16.43
1,65.1895,-147.75,1296,21.5,22,0.225,18,M2_50,1.91519,2.69523,2.69523,0.434729,1549,16.43
1,66.7766,-142.489,1297,29.5,26.6,0.179,27.3,M2_50,3.78167,3.00748,3.00748,0.146001,3412,16.43
1,68.6358,-133.067,1298,28.9,26,0.18,19.2,D2,1.08802,1.20138,1.20138,6.0403,392,9.23
1,68.6342,-133.13,1299,28.9,26,0.18,19.2,D2,1.08802,1.20138,1.20138,6.0403,392,9.23
1,68.5579,-133.267,1300,28.8,26.7,0.162,19.2,D2,1.08802,1.20138,1.20138,6.0403,392,9.23
0,65.7141,-135.883,1301,28.3,26,0.094,21.28,C1,0.483,1.383,1.383,1.383,200,18.04
0,65.7029,-135.879,1302,28.3,26,0.094,19.56,C1,0.36,1.369,1.369,1.369,148,18.04
0,65.6882,-135.94,1303,28.3,26,0.094,20.9,C1,0.404,1.38,1.38,1.38,167,18.04
1,65.4174,-136.86,1304,27.5,34.2,0.046,21.34,C1,0.76,1.381,1.381,1.381,315,18.04
0,64.5697,-140.321,1305,23.4,23.2,0.14,30.56,C1,4.123,1.428,1.53763,1.44345,1902,18.04
0,64.5578,-140.34,1306,23.4,23.2,0.14,30.56,C1,4.123,1.428,1.52413,1.44345,1885,18.04
0,64.5602,-140.317,1307,23.4,23.2,0.14,30.56,C1,4.123,1.428,1.56195,1.44345,1932,18.04
0,64.0943,-136.886,1308,22.9,29.6,0.078,20.57,C1,0.593,1.375,1.375,1.375,245,18.04
0,64.1588,-134.884,1309,24.2,33.8,0.048,20.77,C2,4.977,3.183,3.32217,5.88338,4960,18.04
1,64.9616,-135.933,1310,24.3,29.5,0.059,22.59,O1a,0,0.35,0.35,0.35,0,18.04
1,64.9619,-135.925,1311,24.3,29.5,0.059,22.59,O1a,0,0.35,0.35,0.35,0,18.04
1,65.0331,-134.876,1312,24.6,30.8,0.053,24.1,O1a,0,0.35,0.35,0.35,0,18.04
1,64.9509,-135.921,1313,24.3,29.5,0.059,22.51,O1a,0,0.35,0.35,0.35,0,18.04
1,64.1657,-134.955,1314,23.9,33.4,0.05,21.43,O1a,0.103,0.35,0.35,0.35,11,18.04
1,64.1767,-134.963,1315,23.9,33.4,0.05,16.29,D1,0.956,1.093,1.093,5.99045,313,18.04
0,64.6169,-139.751,1316,23.7,25,0.105,26.99,D1,3.03,1.102,1.102,3.78618,1002,18.04
1,65.4421,-136.046,1317,27.9,29.6,0.054,21.55,C1,0.611,1.384,1.384,1.384,254,18.04
1,65.4564,-135.835,1318,29.2,27.1,0.078,23.52,C1,0.744,1.397,1.397,1.397,312,18.04
1,65.4453,-135.83,1319,29.2,27.1,0.078,23.52,C1,0.744,1.397,1.397,1.397,312,18.04
0,65.6489,-134.98,1320,30.9,29.4,0.065,23.48,D1,1.306,1.307,1.307,5.26846,512,15.35
0,65.7001,-135.042,1321,31.2,30.9,0.053,23.38,M1_65,5.442,2.809,2.87502,0.734205,4694,15.35
0,65.6771,-135.033,1322,31.2,30.9,0.053,23.38,M1_65,5.352,2.808,2.92691,0.735059,4699,15.35
0,65.6655,-135.029,1323,31.2,30.9,0.053,23.38,M1_65,5.352,2.808,2.91198,0.735059,4675,15.35
0,65.6678,-134.992,1324,31.2,30.9,0.053,23.4,M1_65,5.432,2.809,2.93558,0.734546,4784,15.35
1,65.5256,-135.309,1325,29.4,29.1,0.058,24.01,M1_65,5.885,2.772,2.90363,0.789468,5126,15.35
0,65.672,-134.988,1326,31.2,30.9,0.053,23.46,M1_50,4.509,2.467,2.4791,0.725072,3353,15.35
0,65.6581,-135.022,1327,31.2,30.9,0.053,24.23,M1_65,5.723,2.829,2.99437,0.704365,5141,15.35
1,65.1748,-147.795,1328,21.8,22.3,0.205,18,C1,0.089434,1.10459,1.10459,1.10459,30,16.43
1,65.1414,-147.759,1329,22.2,21.4,0.284,18,C1,0.089434,1.10459,1.10459,1.10459,30,16.43
1,65.1779,-147.774,1330,21.8,22.3,0.205,18,C1,0.089434,1.10459,1.10459,1.10459,30,16.43
1,64.4688,-149.243,1331,23.9,22.8,0.185,18,C1,0.089434,1.10459,1.10459,1.10459,30,16.43
1,64.0277,-146.053,1332,21.1,19.9,0.302,22.1,M2_50,2.92264,2.68421,2.68421,0.448221,2353,16.43
1,63.9797,-145.989,1333,21.4,20.1,0.288,22.1,M2_50,2.92264,2.68421,2.68421,0.448221,2353,16.43
1,64.3306,-146.132,1334,22.5,21.5,0.279,18,M2_50,1.91519,2.69523,2.69523,0.434729,1549,16.43
1,64.3675,-145.942,1335,21.2,20.7,0.31,22.1,M2_50,2.92264,2.68421,2.68421,0.448221,2353,16.43
1,64.3757,-145.954,1336,21.2,20.7,0.31,22.1,M2_50,2.92264,2.68421,2.68421,0.448221,2353,16.43
1,63.7674,-145.018,1337,21.1,19.2,0.213,27.5,M2_50,4.62183,2.63842,2.63842,0.50738,3658,16.43
1,63.7931,-145.037,1338,21.1,19.2,0.213,17.2,M2_50,1.83565,2.65485,2.65485,0.485555,1462,16.43
1,63.7682,-145.147,1339,20.1,18.7,0.212,17.2,M2_50,1.83565,2.65485,2.65485,0.485555,1462,16.43
1,63.7958,-145.017,1340,21.1,19.2,0.213,17.2,M2_50,1.83565,2.65485,2.65485,0.485555,1462,16.43
1,63.7818,-145.05,1341,20.1,18.7,0.212,17.2,M2_50,1.83565,2.65485,2.65485,0.485555,1462,16.43
1,63.7678,-145.083,1342,20.1,18.7,0.212,17.2,M2_50,1.83565,2.65485,2.65485,0.485555,1462,16.43
1,63.7705,-145.063,1343,20.1,18.7,0.212,17.2,M2_50,1.83565,2.65485,2.65485,0.485555,1462,16.43
1,64.1707,-149.845,1344,21.9,21.6,0.229,22.7,M2_50,2.80039,2.84941,2.84941,0.272259,2394,16.43
1,64.1428,-149.789,1345,20.4,20.1,0.248,22.7,M2_50,2.80039,2.84941,2.84941,0.272259,2394,16.43
1,64.1672,-149.865,1346,21.9,21.6,0.229,22.7,M2_50,2.80039,2.84941,2.84941,0.272259,2394,16.43
1,64.1342,-149.781,1347,20.4,20.1,0.248,22.7,M2_50,2.80039,2.84941,2.84941,0.272259,2394,16.43
1,65.1833,-147.802,1348,21.8,22.3,0.205,18,M2_50,1.91519,2.69523,2.69523,0.434729,1549,16.43
1,64.3136,-145.988,1349,22.6,22,0.297,22.1,M2_50,2.92264,2.68421,2.68421,0.448221,2353,16.43
1,64.3533,-145.909,1350,21.2,20.7,0.31,22.1,M2_50,2.92264,2.68421,2.68421,0.448221,2353,16.43
1,64.3956,-145.948,1351,21.2,20.7,0.31,22.1,M2_50,2.92264,2.68421,2.68421,0.448221,2353,16.43
1,64.3164,-145.968,1352,22.6,22,0.297,22.1,M2_50,2.92264,2.68421,2.68421,0.448221,2353,16.43
1,64.4909,-146.474,1353,22.2,21,0.257,18,C2,3.98092,3.9631,4.10757,7.74531,4906,16.43
1,64.488,-146.494,1354,22.2,21,0.257,18,C2,3.98092,3.9631,4.22077,7.74531,5041,16.43
1,64.4994,-146.481,1355,22.2,21,0.257,18,C2,3.98092,3.9631,4.2644,7.74531,5093,16.43
1,64.3134,-145.791,1356,22.8,22.1,0.306,22.1,C2,6.07825,3.94384,3.94384,7.62857,7192,16.43
1,64.4773,-149.251,1357,23.9,22.8,0.185,18,C1,0.089434,1.10459,1.10459,1.10459,30,16.43
1,65.1894,-147.762,1358,21.8,22.3,0.205,18,C1,0.089434,1.10459,1.10459,1.10459,30,16.43
1,64.2511,-150.285,1359,22,21.8,0.256,22.7,C1,0.249084,1.33603,1.33603,1.33603,100,16.43
1,64.3163,-145.837,1360,22.8,22.1,0.306,22.1,M2_50,2.92264,2.68421,2.68421,0.448221,2353,16.43
1,64.1501,-150.303,1361,20.3,20.2,0.291,22.7,M2_50,2.80039,2.84941,2.84941,0.272259,2394,16.43
1,64.1438,-150.225,1362,20.4,20.2,0.289,22.7,M2_50,2.80039,2.84941,2.84941,0.272259,2394,16.43
1,64.1001,-146.534,1363,21,20.3,0.326,18,C2,3.98092,3.9631,4.0127,7.74531,4792,16.43
1,64.1741,-146.483,1364,22.5,21.3,0.283,18,C2,3.98092,3.9631,4.14485,7.74531,4950,16.43
1,64.1226,-146.573,1365,20.5,20,0.323,18,C2,3.98092,3.9631,4.04435,7.74531,4830,16.43
1,64.1142,-146.566,1366,20.5,20,0.323,18,C2,3.98092,3.9631,4.04383,7.74531,4829,16.43
1,64.1627,-146.496,1367,22.5,21.3,0.283,18,C2,3.98092,3.9631,4.16999,7.74531,4980,16.43
1,64.26,-146.027,1368,22.6,22,0.297,22.1,C2,6.07825,3.94384,4.21638,7.62857,7688,16.43
1,64.3078,-145.831,1369,22.8,22.1,0.306,22.1,C2,6.07825,3.94384,3.94384,7.62857,7191,16.43
1,64.3305,-145.804,1370,22.8,22.1,0.306,22.1,C2,6.07825,3.94384,3.94502,7.62857,7194,16.43
1,63.8263,-137.912,1371,24.2,24,0.196,31.21,C1,3.452,1.423,1.423,1.423,1474,8.65
1,63.8963,-137.834,1372,24,25.1,0.117,27.92,C1,2.449,1.41,1.45179,1.41,1067,8.65
1,63.8939,-137.861,1373,24.5,25,0.132,27.92,C1,2.449,1.41,1.41861,1.41,1042,8.65
1,63.9063,-137.84,1374,24,25.1,0.117,27.92,C1,2.449,1.41,1.44293,1.41,1060,8.65
1,63.9027,-137.844,1375,24,25.1,0.117,27.92,C1,2.449,1.41,1.41728,1.41,1041,8.65
1,64.028,-137.819,1376,24.4,24.9,0.135,29.35,M1_65,9.965,2.518,3.01517,1.2939,9014,8.65
1,62.5616,-132.458,1377,21.5,23,0.207,18.23,C1,0.294,1.343,1.343,1.343,118,8.65
0,62.697,-135.962,1378,23.9,22.1,0.266,20.06,C1,0.856,1.36,1.36,1.36,349,8.65
1,63.052,-134.154,1379,23.5,25,0.165,20.92,C1,0.603,1.372,1.372,1.372,248,8.65
1,63.0633,-134.16,1380,24.2,25.3,0.173,20.92,C1,0.603,1.372,1.372,1.372,248,8.65
1,63.0959,-134.852,1381,23.1,22,0.196,18.83,C1,0.418,1.356,1.356,1.356,170,8.65
1,63.0936,-134.885,1382,23.1,22,0.196,18.83,C1,0.418,1.356,1.356,1.356,170,8.65
0,63.1861,-135.181,1383,21.9,24.3,0.13,16.53,C1,0.248,1.334,1.334,1.334,99,8.65
1,63.4869,-135.88,1384,24.8,25.6,0.139,17.75,C1,0.213,1.372,1.372,1.372,88,8.65
1,63.4977,-135.884,1385,24.8,25.6,0.139,17.75,C1,0.213,1.372,1.372,1.372,88,8.65
1,63.5187,-135.929,1386,24.8,25.6,0.139,18,C1,0.224,1.375,1.375,1.375,92,8.65
1,63.5295,-135.933,1387,24.8,25.6,0.139,18,C1,0.224,1.375,1.375,1.375,92,8.65
0,63.5467,-135.852,1388,25.6,25.8,0.096,13.87,C1,0.099,1.321,1.321,1.321,39,8.65
1,63.5445,-135.882,1389,24.8,25.6,0.139,13.87,C1,0.099,1.321,1.321,1.321,39,8.65
1,63.5599,-135.824,1390,25.4,27,0.091,14.76,C1,0.116,1.335,1.335,1.335,46,8.65
0,63.5577,-135.854,1391,25.6,25.8,0.096,14.76,C1,0.116,1.335,1.335,1.335,46,8.65
0,63.5534,-135.911,1392,25.6,25.8,0.096,18.24,C1,0.216,1.377,1.377,1.377,89,8.65
0,63.6337,-136.199,1393,25,23.9,0.12,17.63,C1,0.211,1.372,1.372,1.372,87,8.65
0,63.6314,-136.228,1394,25,23.9,0.12,17.63,C1,0.211,1.372,1.372,1.372,87,8.65
0,63.804,-137.84,1395,24,24,0.177,30.55,C1,3.097,1.421,1.45725,1.421,1354,8.65
1,63.8107,-137.849,1396,24.2,24,0.196,30.55,C1,3.097,1.421,1.49611,1.421,1390,8.65
1,63.9005,-137.87,1397,24.5,25,0.132,27.92,C1,2.449,1.41,1.43413,1.41,1054,8.65
0,64.0839,-136.88,1398,22.9,29.6,0.078,20.57,C1,0.593,1.375,1.375,1.375,245,8.65
0,64.0817,-136.908,1399,22.9,29.6,0.078,20.57,C1,0.593,1.375,1.375,1.375,245,8.65
0,62.6864,-135.958,1400,23.9,22.1,0.266,20.7,M1_65,6.361,2.217,2.48687,2.29207,4746,8.65
1,63.0205,-134.28,1401,23.6,23.4,0.168,22.56,M1_65,6.126,2.542,2.63902,1.23454,4850,8.65
0,63.513,-135.83,1402,24.4,26.1,0.153,14.61,M1_65,2.926,2.366,2.366,1.7278,2077,8.65
0,63.5238,-135.833,1403,24.4,26.1,0.153,14.61,M1_65,2.926,2.366,2.366,1.7278,2077,8.65
1,63.5216,-135.862,1404,24.8,25.6,0.139,17.5,M1_65,3.584,2.553,2.553,1.21035,2745,8.65
1,63.5193,-135.892,1405,24.8,25.6,0.139,17.5,M1_65,3.584,2.553,2.553,1.21035,2745,8.65
1,63.5147,-135.952,1406,24.8,25.6,0.139,18.29,M1_50,3.156,2.275,2.275,1.13377,2154,8.65
1,63.5232,-135.869,1407,24.8,25.6,0.139,17.5,M1_65,3.584,2.553,2.553,1.21035,2745,8.65
0,63.5383,-135.815,1408,24.4,26.1,0.153,13.95,M1_50,2.461,2.055,2.055,1.85197,1517,8.65
1,63.549,-135.821,1409,25.4,27,0.091,13.95,M1_50,2.461,2.055,2.055,1.85197,1517,8.65
1,63.5482,-136.676,1410,23.8,24.1,0.188,18.06,M1_50,2.501,2.09,2.09,1.71448,1568,8.65
1,63.5521,-136.684,1411,23.8,24.1,0.188,18.06,M1_50,2.501,2.09,2.09,1.71448,1568,8.65
1,63.5847,-136.546,1412,24,25,0.172,19.94,M1_35,2.865,1.933,1.933,1.2293,1661,8.65
0,63.7963,-137.809,1413,24,24,0.177,30.47,M1_35,6.603,1.983,2.06902,1.07234,4099,8.65
0,63.7939,-137.836,1414,24,24,0.177,30.47,M1_35,6.603,1.983,2.03368,1.07234,4029,8.65
1,63.8542,-137.952,1415,24.5,25,0.132,31.45,M1_65,10.95,2.607,2.72897,1.08983,8965,8.65
1,63.8667,-137.93,1416,24.5,25,0.132,31.45,M1_65,10.95,2.607,2.86958,1.08983,9427,8.65
1,63.8643,-137.957,1417,25,25,0.164,31.45,M1_65,10.95,2.607,2.6518,1.08983,8711,8.65
1,63.862,-137.984,1418,25,25,0.164,31.5,M1_50,9.142,2.287,2.30825,1.10291,6331,8.65
1,63.8744,-137.962,1419,25,25,0.164,31.3,M1_65,10.959,2.588,2.67826,1.13128,8805,8.65
1,63.8721,-137.988,1420,25,25,0.164,31.3,M1_65,10.959,2.588,2.759,1.13128,9071,8.65
1,63.8845,-137.966,1421,25,25,0.164,31.3,M1_65,10.959,2.588,2.69045,1.13128,8845,8.65
1,63.8821,-137.993,1422,25,25,0.164,31.3,M1_65,10.959,2.588,2.773,1.13128,9117,8.65
1,63.904,-137.866,1423,24.5,25,0.132,27.35,M1_65,8.079,2.451,2.51766,1.47051,6102,8.65
1,63.9128,-137.85,1424,24.5,25,0.132,27.35,M1_65,8.079,2.451,2.61464,1.47051,6337,8.65
1,63.9106,-137.875,1425,24.5,25,0.132,27.35,M1_65,8.079,2.451,2.57047,1.47051,6230,8.65
0,61.1754,-132.933,1426,18.9,20.6,0.214,10.85,D1,0.375,1.166,1.166,6.67179,131,8.65
0,61.613,-134.636,1427,21.6,20.8,0.167,19.24,D1,1.402,1.126,1.126,7.10534,474,8.65
1,61.611,-134.663,1428,21.5,20.7,0.161,19.98,D1,1.513,1.14,1.14,7.00902,517,8.65
1,61.7798,-135.155,1429,21.8,21.6,0.141,20.72,D1,1.501,1.122,1.122,7.52316,505,8.65
1,62.0237,-134.615,1430,20.6,23.1,0.148,18.56,D2,1.166,1.124,1.124,7.38051,393,8.65
0,62.9201,-133.937,1431,23.7,24.8,0.183,15.23,D1,0.941,1.081,1.081,7.1859,305,8.65
1,62.6727,-137.83,1432,22.4,21.5,0.324,22.51,D1,2.294,1.07,1.07,7.17422,736,8.65
0,62.6805,-137.858,1433,22.1,21.6,0.335,24.02,D1,2.09,1.1,1.1,6.97281,690,8.65
1,63.032,-134.283,1434,23.6,23.4,0.168,23.07,D1,1.468,1.229,1.229,6.22815,541,8.65
1,63.0498,-134.188,1435,24.2,25.3,0.173,22.34,D1,1.429,1.218,1.218,6.28272,522,8.65
1,63.0675,-134.095,1436,23.5,25,0.165,13.42,D1,0.537,1.015,1.015,7.26191,164,8.65
1,63.0654,-134.128,1437,23.5,25,0.165,18.45,D1,0.951,1.147,1.147,6.6841,327,8.65
1,63.0611,-134.194,1438,24.2,25.3,0.173,20.06,D1,1.188,1.179,1.179,6.51471,420,8.65
1,63.0786,-134.104,1439,23.5,25,0.165,13.42,D1,0.537,1.015,1.015,7.26191,164,8.65
1,63.0767,-134.134,1440,23.5,25,0.165,16.4,D1,0.757,1.099,1.099,6.916,250,8.65
1,63.0879,-134.14,1441,23.5,25,0.165,16.4,D1,0.757,1.099,1.099,6.916,250,8.65
1,63.0847,-134.145,1442,23.5,25,0.165,16.4,D1,0.757,1.099,1.099,6.916,250,8.65
0,63.1636,-135.179,1443,21.9,24.3,0.13,13.76,D1,0.85,1.04,1.04,6.69484,265,8.65
1,63.4784,-135.845,1444,24.8,25.6,0.139,18.22,D1,0.908,1.23,1.23,4.3115,335,8.65
1,63.4892,-135.85,1445,24.8,25.6,0.139,18.22,D1,0.908,1.23,1.23,4.3115,335,8.65
1,63.5,-135.854,1446,24.8,25.6,0.139,16.91,D1,0.811,1.209,1.209,4.44109,294,8.65
1,63.5108,-135.858,1447,24.8,25.6,0.139,16.91,D1,0.811,1.209,1.209,4.44109,294,8.65
0,63.5144,-135.837,1448,24.4,26.1,0.153,16.91,D1,0.811,1.209,1.209,4.44109,294,8.65
1,63.5123,-135.866,1449,24.8,25.6,0.139,16.91,D1,0.811,1.209,1.209,4.44109,294,8.65
0,63.5556,-135.882,1450,25.6,25.8,0.096,18.11,D1,0.914,1.24,1.24,4.14379,340,8.65
0,63.7821,-133.86,1451,26.6,33.9,0.055,21.51,D1,1.309,1.238,1.238,5.53796,486,8.65
1,63.9113,-132.95,1452,24.6,25.6,0.078,20.28,D1,1.169,1.199,1.199,5.76983,420,8.65
1,63.9093,-132.987,1453,25.6,26.6,0.074,20.19,D1,1.136,1.199,1.199,5.77534,409,8.65
0,63.7721,-136.015,1454,24.1,29.7,0.058,12.6,D1,0.569,1.074,1.074,5.38152,183,8.65
0,63.776,-135.991,1455,24.1,29.7,0.058,11.63,D1,0.61,1.039,1.039,5.54923,190,8.65
1,63.9652,-136.042,1456,24.5,29.5,0.065,18.02,D1,1.182,1.169,1.169,5.07607,415,8.65
1,63.8503,-137.757,1457,24,25.1,0.117,26.97,D1,2.06,1.194,1.194,3.66343,738,8.65
1,63.8704,-137.768,1458,24,25.1,0.117,22.55,D1,1.618,1.112,1.112,4.15135,540,8.65
1,63.8804,-137.774,1459,24,25.1,0.117,22.55,D1,1.618,1.112,1.112,4.15135,540,8.65
0,64.0416,-135.915,1460,24.5,29,0.071,15.52,D1,1.227,1.091,1.091,5.61512,402,8.65
1,64.0513,-137.916,1461,24.2,29.6,0.069,27.49,D1,2.19,1.17,1.17,3.32993,769,8.65
0,64.1201,-137.815,1462,24.3,28.3,0.081,24.47,D1,2.375,1.12,1.12,3.72658,798,8.65
0,60.7667,-133.795,1463,19.4,20.1,0.192,9.51,D1,0.35,1.105,1.105,6.35157,116,8.65
0,60.756,-133.768,1464,19.4,20.1,0.192,11.17,D1,0.436,1.155,1.155,6.19287,151,8.65
0,60.7652,-133.802,1465,19.4,20.1,0.192,10.66,D1,0.399,1.126,1.126,6.27253,135,8.65
0,61.8362,-135.144,1466,22,21.2,0.136,22.39,D1,1.763,1.149,1.149,7.53882,608,8.65
0,62.9149,-137.851,1467,23,21.3,0.275,22.08,D1,2.005,1.083,1.083,6.92568,651,8.65
0,62.9127,-137.876,1468,23,21.3,0.275,22.05,D1,1.766,1.08,1.08,6.94753,572,8.65
0,62.9226,-137.881,1469,23,21.3,0.275,22.05,D1,1.766,1.08,1.08,6.94753,572,8.65
1,63.5869,-136.518,1470,24.2,25.4,0.155,17.55,D1,0.672,1.173,1.173,4.98273,236,8.65
0,63.7938,-133.864,1471,26.6,33.9,0.055,22.27,D1,1.381,1.259,1.259,5.42431,522,8.65
1,63.8681,-137.794,1472,24,25.1,0.117,26.49,D1,1.949,1.183,1.183,3.66407,692,8.65
1,63.8782,-137.8,1473,24,25.1,0.117,26.49,D1,1.949,1.183,1.183,3.66407,692,8.65
1,63.8884,-137.804,1474,24,25.1,0.117,26.14,D1,1.854,1.173,1.173,3.65258,652,8.65
1,63.8861,-137.83,1475,24,25.1,0.117,26.14,D1,1.854,1.173,1.173,3.65258,652,8.65
1,63.8697,-138.015,1476,25,25,0.164,31.69,D1,2.874,1.237,1.237,2.87671,1067,8.65
1,63.8913,-137.976,1477,25,25,0.164,31.19,D1,2.797,1.228,1.228,2.91515,1030,8.65
0,64.092,-136.915,1478,22.9,29.6,0.078,20.32,D1,1.207,1.145,1.145,5.44251,415,8.65
0,61.1703,-132.938,1479,18.9,20.6,0.214,10.7,C3,0.161,2.522,2.522,6.51693,122,8.65
1,62.0259,-134.583,1480,20.6,23.1,0.148,18.03,C2,7.119,2.876,3.12427,6.65666,6673,8.65
1,62.015,-134.736,1481,21.5,23.5,0.142,18.65,C2,8.119,2.869,3.32105,6.77558,8089,8.65
1,62.0478,-134.594,1482,20.4,24.1,0.115,16.52,C2,5.554,2.755,3.15391,6.47797,5255,8.65
0,62.66,-135.972,1483,23.9,22.1,0.266,21.84,C2,8.872,2.883,3.66243,7.14619,9748,8.65
0,62.6706,-135.976,1484,23.9,22.1,0.266,20.82,C3,2.041,2.203,2.203,7.01566,1349,8.65
0,62.6941,-135.956,1485,23.9,22.1,0.266,21.31,C2,9.09,2.858,3.54478,7.06478,9667,8.65
0,62.6918,-135.984,1486,23.9,22.1,0.266,20.62,C2,8.424,2.817,3.70314,6.97422,9359,8.65
0,62.6948,-135.991,1487,23.9,22.1,0.266,20.62,C2,8.424,2.817,3.1558,6.97422,7975,8.65
1,62.918,-133.97,1488,23.4,24.6,0.177,17.04,C7,0.908,2.865,2.865,6.42705,780,8.65
0,62.6603,-137.852,1489,22.1,21.6,0.335,18.97,C2,9.019,2.448,3.18222,5.68983,8610,8.65
0,62.6581,-137.876,1490,22.1,21.6,0.335,18.97,C2,9.019,2.448,2.93393,5.68983,7938,8.65
0,62.6703,-137.856,1491,22.1,21.6,0.335,18.97,C2,9.019,2.448,3.058,5.68983,8274,8.65
1,63.0563,-134.088,1492,23.5,25,0.165,21.18,C2,7.246,3.181,3.27278,6.71805,7114,8.65
1,63.0746,-134.167,1493,24.2,25.3,0.173,17.98,C7,0.976,2.883,2.883,6.32513,844,8.65
1,63.1047,-134.889,1494,23.1,22,0.196,17.74,C2,6.231,2.944,3.14664,6.27385,5882,8.65
0,63.1748,-135.181,1495,21.9,24.3,0.13,16.67,C2,5.646,2.902,3.32725,5.82652,5636,8.65
0,63.1728,-135.209,1496,21.9,24.3,0.13,16.67,C2,5.646,2.902,3.29433,5.82652,5580,8.65
0,63.4153,-135.311,1497,24,25.5,0.157,20.04,C2,7.397,3.329,3.60872,6.02013,8008,8.65
1,63.4954,-135.914,1498,24.8,25.6,0.139,17.77,C2,5.138,3.259,3.7664,5.44489,5806,8.65
1,63.493,-135.945,1499,24.8,25.6,0.139,18.18,C2,5.114,3.3,3.52982,5.49628,5415,8.65
0,62.9137,-137.896,500,23,21.3,0.275,22.05,D1,1.766,1.08,1.08,6.94753,572,8.65
0,63.6139,-136.213,501,25,23.9,0.12,15.45,D1,0.624,1.157,1.157,4.9122,217,8.65
1,62.0483,-134.609,502,20.4,24.1,0.115,16.52,C2,5.554,2.755,3.00381,6.47797,5005,8.65
1,63.0543,-134.084,503,23.5,25,0.165,21.18,C2,7.246,3.181,3.33754,6.71805,7255,8.65
1,63.0896,-134.869,504,23.1,22,0.196,18.83,C1,0.418,1.356,1.356,1.356,170,8.65
1,63.1007,-134.881,505,23.1,22,0.196,18.83,C1,0.418,1.356,1.356,1.356,170,8.65
0,63.1729,-135.166,506,21.9,24.3,0.13,16.53,C1,0.248,1.334,1.334,1.334,99,8.65
1,63.9036,-132.976,507,25.6,26.6,0.074,21.63,C1,0.612,1.377,1.377,1.377,253,8.65
0,63.7772,-133.9,508,26.6,33.9,0.055,20.02,C1,0.456,1.368,1.368,1.368,187,8.65
1,63.4908,-135.888,509,24.8,25.6,0.139,17.75,C1,0.213,1.372,1.372,1.372,88,8.65
1,63.5536,-135.82,510,25.4,27,0.091,14.76,C1,0.116,1.335,1.335,1.335,46,8.65
1,63.5441,-135.855,511,24.8,25.6,0.139,13.87,C1,0.099,1.321,1.321,1.321,39,8.65
1,63.5544,-135.828,512,25.4,27,0.091,14.76,C1,0.116,1.335,1.335,1.335,46,8.65
1,63.5448,-135.863,513,24.8,25.6,0.139,13.87,C1,0.099,1.321,1.321,1.321,39,8.65
1,63.5232,-135.941,514,24.8,25.6,0.139,18,C1,0.224,1.375,1.375,1.375,92,8.65
0,63.564,-135.847,515,25.6,25.8,0.096,14.76,C1,0.116,1.335,1.335,1.335,46,8.65
1,63.5439,-135.92,516,24.8,25.6,0.139,18.24,C1,0.216,1.377,1.377,1.377,89,8.65
0,63.8052,-137.811,517,24,24,0.177,29.98,C1,2.865,1.419,1.50632,1.419,1295,8.65
0,64.087,-136.874,518,22.9,29.6,0.078,20.57,C1,0.593,1.375,1.375,1.375,245,8.65
1,63.8232,-137.904,519,24.2,24,0.196,31.21,C1,3.452,1.423,1.423,1.423,1474,8.65
1,63.9031,-137.847,520,24.5,25,0.132,27.92,C1,2.449,1.41,1.44222,1.41,1060,8.65
0,63.5218,-135.828,521,24.4,26.1,0.153,14.61,M1_65,2.926,2.366,2.366,1.7278,2077,8.65
0,63.5427,-135.806,522,24.4,26.1,0.153,13.95,M1_50,2.461,2.055,2.055,1.85197,1517,8.65
1,63.5221,-135.882,523,24.8,25.6,0.139,17.5,M1_65,3.584,2.553,2.553,1.21035,2745,8.65
1,63.5859,-136.531,524,24.2,25.4,0.155,19.94,M1_35,2.865,1.933,1.933,1.2293,1661,8.65
1,63.8157,-137.884,525,24.2,24,0.196,30.78,M1_65,10.467,2.61,2.70861,1.08484,8505,8.65
1,63.8562,-137.953,526,24.5,25,0.132,31.45,M1_65,10.95,2.607,2.74636,1.08983,9022,8.65
1,63.8673,-137.97,527,25,25,0.164,31.3,M1_65,10.959,2.588,2.80291,1.13128,9215,8.65
1,62.9283,-133.952,528,23.7,24.8,0.183,16.08,D1,0.953,1.103,1.103,7.08116,315,8.65
1,63.0657,-134.095,529,23.5,25,0.165,18.45,D1,0.951,1.147,1.147,6.6841,327,8.65
1,63.0471,-134.166,530,24.2,25.3,0.173,22.34,D1,1.429,1.218,1.218,6.28272,522,8.65
1,63.0674,-134.142,531,23.5,25,0.165,18.45,D1,0.951,1.147,1.147,6.6841,327,8.65
1,63.0312,-134.281,532,23.6,23.4,0.168,23.07,D1,1.468,1.229,1.229,6.22815,541,8.65
1,63.0785,-134.153,533,23.5,25,0.165,16.4,D1,0.757,1.099,1.099,6.916,250,8.65
1,63.0697,-134.103,534,23.5,25,0.165,18.45,D1,0.951,1.147,1.147,6.6841,327,8.65
1,63.0505,-134.175,535,24.2,25.3,0.173,22.34,D1,1.429,1.218,1.218,6.28272,522,8.65
1,63.071,-134.151,536,23.5,25,0.165,16.4,D1,0.757,1.099,1.099,6.916,250,8.65
1,63.1005,-134.093,537,23.5,25,0.165,14.92,D1,0.811,1.061,1.061,7.05059,258,8.65
1,63.0822,-134.162,538,24.2,25.3,0.173,16.4,D1,0.757,1.099,1.099,6.916,250,8.65
0,63.9114,-132.944,539,24.6,25.6,0.078,20.28,D1,1.169,1.199,1.199,5.76983,420,8.65
0,63.7782,-133.858,540,26.6,33.9,0.055,21.51,D1,1.309,1.238,1.238,5.53796,486,8.65
0,62.6841,-137.858,541,22.1,21.6,0.335,24.02,D1,2.09,1.1,1.1,6.97281,690,8.65
1,62.6667,-137.832,542,22.4,21.5,0.324,22.51,D1,2.294,1.07,1.07,7.17422,736,8.65
0,63.7847,-133.871,543,26.6,33.9,0.055,21.51,D1,1.309,1.238,1.238,5.53796,486,8.65
0,62.6776,-137.851,544,22.1,21.6,0.335,22.51,D1,2.294,1.07,1.07,7.17422,736,8.65
0,62.689,-137.869,545,22.1,21.6,0.335,24.02,D1,2.09,1.1,1.1,6.97281,690,8.65
1,63.4802,-135.872,546,24.8,25.6,0.139,18.22,D1,0.908,1.23,1.23,4.3115,335,8.65
1,63.5009,-135.851,547,24.8,25.6,0.139,16.91,D1,0.811,1.209,1.209,4.44109,294,8.65
1,63.5116,-135.866,548,24.8,25.6,0.139,16.91,D1,0.811,1.209,1.209,4.44109,294,8.65
0,63.5543,-135.882,549,25.6,25.8,0.096,18.11,D1,0.914,1.24,1.24,4.14379,340,8.65
0,63.6134,-136.161,550,25,23.9,0.12,13.84,D1,0.763,1.12,1.12,5.05221,256,8.65
0,63.7999,-136.643,551,23.5,25.9,0.118,17.54,D1,1.091,1.125,1.125,5.50628,368,8.65
1,63.8109,-136.657,552,22.6,26.2,0.111,15.58,D1,0.792,1.068,1.068,5.82675,254,8.65
1,63.8006,-136.694,553,22.6,26.2,0.111,15.62,D1,1.423,1.064,1.064,5.88802,454,8.65
1,63.8229,-136.668,554,22.6,26.2,0.111,14.34,D1,0.983,1.032,1.032,5.89984,304,8.65
1,63.8118,-136.708,555,22.6,26.2,0.111,15.32,D1,0.844,1.057,1.057,5.81785,268,8.65
1,63.8228,-136.723,556,22.6,26.2,0.111,15.32,D1,0.844,1.057,1.057,5.81785,268,8.65
1,64.0511,-137.976,557,24.2,30.7,0.058,28.47,D1,3.458,1.177,1.177,3.20679,1221,8.65
1,63.8041,-137.924,558,24.2,24,0.196,31.27,D1,2.756,1.244,1.244,3.10502,1029,8.65
1,63.8266,-137.901,559,24.2,24,0.196,31.18,D1,2.702,1.244,1.244,3.08681,1008,8.65
1,63.8486,-137.934,560,24.5,25,0.132,31.36,D1,2.764,1.243,1.243,3.0201,1031,8.65
1,63.8451,-137.937,561,24.5,25,0.132,31.36,D1,2.764,1.243,1.243,3.0201,1031,8.65
1,63.8921,-137.83,562,24,25.1,0.117,26.14,D1,1.854,1.173,1.173,3.65258,652,8.65
0,62.6626,-135.977,563,23.9,22.1,0.266,21.84,C2,8.872,2.883,3.83475,7.14619,10207,8.65
0,62.6959,-135.967,564,23.9,22.1,0.266,20.62,C2,8.424,2.817,2.87969,6.97422,7278,8.65
0,63.1624,-135.205,565,21.9,24.3,0.13,18.24,C2,5.92,3.032,3.7415,6.02669,6645,8.65
0,63.1822,-135.186,566,21.9,24.3,0.13,16.67,C2,5.646,2.902,3.22745,5.82652,5467,8.65
1,63.9218,-132.955,567,25.6,26.6,0.074,17.83,C2,5.221,2.993,3.37318,5.95176,5283,8.65
1,63.9138,-132.987,568,25.6,26.6,0.074,17.83,C2,5.221,2.993,3.16231,5.95176,4953,8.65
0,62.6541,-137.873,569,20.4,20.1,0.352,18.97,C2,9.019,2.448,2.63333,5.68983,7125,8.65
0,63.4258,-135.294,570,24,25.5,0.157,19.17,C2,6.848,3.263,3.644,5.9177,7486,8.65
1,63.5015,-135.903,571,24.8,25.6,0.139,17.72,C2,5.157,3.276,3.5867,5.44361,5549,8.65
0,63.5324,-135.844,572,24.4,26.1,0.153,15.86,C2,5.093,3.14,3.35509,5.2188,5126,8.65
1,63.5122,-135.918,573,24.8,25.6,0.139,17.72,C2,5.157,3.276,3.61475,5.44361,5592,8.65
1,63.5023,-135.954,574,24.8,25.6,0.139,18.18,C2,5.114,3.3,3.40277,5.49628,5221,8.65
1,63.5332,-135.895,575,24.8,25.6,0.139,15.46,C2,3.506,3.105,3.21683,5.16745,3383,8.65
1,63.5437,-135.911,576,24.8,25.6,0.139,15.46,C2,3.506,3.105,3.24326,5.16745,3411,8.65
1,63.5335,-135.948,577,24.8,25.6,0.139,18.12,C2,5.265,3.32,3.46611,5.4968,5475,8.65
1,63.5337,-135.903,578,24.8,25.6,0.139,15.46,C2,3.506,3.105,3.29345,5.16745,3464,8.65
1,63.5339,-135.956,579,25,24.6,0.138,18.12,C2,5.265,3.32,3.5218,5.4968,5563,8.65
0,63.624,-136.176,580,25,23.9,0.12,13.88,C2,3.97,2.883,3.03732,4.93766,3617,8.65
0,63.6339,-136.194,581,25,23.9,0.12,13.88,C2,3.97,2.883,3.11744,4.93766,3713,8.65
0,63.6242,-136.23,582,25,23.9,0.12,17.45,C2,4.615,3.183,3.43715,5.40151,4759,8.65
1,65.9827,-116.855,583,20,20.9,0.161,29.07,C2,11.434,3.666,4.84263,10.6982,16611,5.87
1,65.9654,-116.924,584,20,20.9,0.161,28.42,C2,11.316,3.634,4.37585,10.6205,14855,5.87
1,65.968,-116.899,585,20,20.9,0.161,28.42,C2,11.316,3.634,3.6433,10.6205,12368,5.87
1,65.8752,-116.994,586,20.3,20,0.185,28.91,C2,12.27,3.643,4.05009,10.691,14908,5.87
1,65.8778,-116.969,587,20.3,20,0.185,28.91,C2,12.27,3.643,4.22816,10.691,15564,5.87
0,65.8016,-116.809,588,19.9,21.5,0.157,28.43,C2,10.815,3.615,3.6891,10.6671,11969,5.87
1,62.7422,-115.141,589,20.3,21.2,0.19,31.93,C4,11.131,4.325,4.47492,14.5535,14943,5.87
1,62.7423,-115.048,590,20.3,21.2,0.19,32.38,C4,11.372,4.361,4.50545,14.6156,15371,5.87
1,62.6574,-115.161,591,20.2,20.4,0.194,33.05,C7,2.183,3.188,3.188,14.6654,2088,5.87
1,62.6294,-115.147,592,19.7,19.9,0.211,32.97,C4,11.677,4.413,4.58848,14.7127,16074,5.87
1,62.7288,-113.98,593,19.6,21.4,0.175,31.86,C4,11.066,4.392,4.78494,14.8849,15885,5.87
1,65.9706,-116.874,594,20,20.9,0.161,28.63,D1,1.965,1.312,1.312,8.92191,773,5.87
1,67.2475,-132.399,595,31,30.4,0.114,19.04,C2,5.09,3.63,3.92478,6.62336,5993,8.54
1,67.5927,-130.681,596,28.7,29.5,0.089,17.61,C2,3.678,4.128,4.52455,6.91924,4992,8.54
1,67.2683,-132.3,597,31,29.9,0.125,19.12,C2,5.07,3.663,4.1107,6.70392,6252,8.54
1,67.2613,-132.387,598,31,30.4,0.114,19.13,C2,5.15,3.63,3.90812,6.68615,6038,8.54
1,67.2457,-132.462,599,31,29.4,0.123,19.11,C2,5.158,3.611,3.90775,6.60928,6047,8.54
0,66.8648,-129.541,600,27.6,28.5,0.217,18.99,C2,4.363,4.032,4.28304,6.75572,5606,8.54
1,66.7955,-129.74,601,28.5,29.5,0.222,19.9,C2,4.598,4.061,4.061,6.87336,5602,8.54
1,66.8518,-129.61,602,27.7,28.5,0.214,19.17,C2,4.378,4.09,4.35756,6.8076,5723,8.54
0,66.8731,-129.529,603,27.6,28.5,0.217,18.83,C2,4.269,4.063,4.51861,6.75607,5787,8.54
1,66.8688,-129.552,604,27.7,28.5,0.214,18.83,C2,4.269,4.063,4.10305,6.75607,5255,8.54
0,67.2494,-130.056,605,27.9,24.9,0.168,17.23,C2,3.104,4.353,4.35472,6.88139,4055,8.54
1,67.2738,-130.18,606,28.1,25.4,0.158,18.55,C2,4.107,4.4,4.70809,7.0713,5801,8.54
1,67.2692,-130.204,607,28.1,25.4,0.158,19.72,C2,4.266,4.44,4.69104,7.25052,6004,8.54
1,67.2646,-130.227,608,28.1,25.4,0.158,19.72,C2,4.266,4.44,4.70927,7.25052,6027,8.54
1,67.3662,-130.335,609,28.2,26.8,0.131,17.11,C2,3.566,4.325,4.55807,6.82692,4876,8.54
1,67.1399,-131.754,610,28.7,25.9,0.171,18,C2,3.969,3.915,4.28604,6.87514,5103,8.54
1,67.0843,-132.026,611,29.4,26.4,0.172,18.93,C2,4.592,3.838,4.11529,7.04994,5669,8.54
0,67.0608,-132.255,612,30,26.9,0.169,18.21,C2,4.545,3.694,3.96643,6.75816,5408,8.54
0,67.5643,-130.578,613,28.5,28.7,0.104,17.38,C2,3.402,4.162,4.53324,6.89354,4627,8.54
0,67.5598,-130.602,614,28.5,28.7,0.104,17.38,C2,3.402,4.162,4.53324,6.89354,4627,8.54
1,67.1285,-132.853,615,30.9,28.6,0.088,18.43,C2,5.06,3.514,3.55911,6.27173,5403,8.54
1,67.2404,-132.487,616,30.7,28.4,0.119,19.2,C2,5.183,3.609,3.91062,6.61462,6081,8.54
1,67.2351,-132.512,617,30.7,28.4,0.119,19.2,C2,5.183,3.609,4.0613,6.61462,6315,8.54
1,67.1547,-132.891,618,30.9,28.6,0.088,19.04,C2,5.304,3.529,3.83062,6.30699,6095,8.54
1,67.27,-132.399,619,31,30.4,0.114,19.13,C2,5.15,3.63,4.15176,6.68615,6414,8.54
1,64.5909,-119.769,620,19.9,21.9,0.27,23.87,C1,0.682,1.316,1.316,1.316,269,8.54
1,64.5995,-119.776,621,19.9,21.9,0.27,24.08,C1,0.689,1.318,1.318,1.318,272,8.54
1,64.7313,-118.895,622,19.7,21.4,0.33,24.49,C1,0.884,1.337,1.337,1.337,355,8.54
1,64.7533,-118.795,623,19.9,20.4,0.33,24.89,C1,0.955,1.338,1.338,1.338,383,8.54
1,64.8738,-119.698,624,20.5,21.8,0.316,24.18,C1,0.725,1.312,1.312,1.312,285,8.54
0,64.6646,-121.243,625,23,23.4,0.45,25.67,C1,0.831,1.326,1.326,1.326,331,8.54
0,64.7101,-121.19,626,23,23.4,0.45,25.72,C1,0.834,1.326,1.326,1.326,332,8.54
0,64.7243,-121.223,627,23,23.4,0.45,26.01,C1,0.862,1.328,1.328,1.328,343,8.54
1,64.0693,-125.679,628,24.5,23.4,0.184,10.47,C1,0.113,1.097,1.097,1.097,37,8.54
1,64.1071,-125.524,629,24,24.4,0.192,13.34,C1,0.18,1.212,1.212,1.212,65,8.54
1,64.0816,-125.667,630,24.5,23.4,0.184,14.09,C1,0.289,1.236,1.236,1.236,107,8.54
1,64.0779,-125.687,631,24.5,23.4,0.184,14.09,C1,0.289,1.236,1.236,1.236,107,8.54
1,64.1193,-125.512,632,24,24.4,0.192,15.5,C1,0.287,1.263,1.263,1.263,109,8.54
1,64.0865,-125.696,633,24.5,23.4,0.184,14.09,C1,0.289,1.236,1.236,1.236,107,8.54
1,64.1315,-125.5,634,24,24.4,0.192,16.74,C1,0.36,1.286,1.286,1.286,139,8.54
1,64.1279,-125.519,635,24,24.4,0.192,15.5,C1,0.287,1.263,1.263,1.263,109,8.54
1,64.1244,-125.54,636,24,24.4,0.192,15.5,C1,0.287,1.263,1.263,1.263,109,8.54
1,64.1329,-125.548,637,24.2,23.8,0.186,14.75,C1,0.261,1.242,1.242,1.242,97,8.54
1,64.9954,-121.663,638,21.8,22.6,0.118,29.72,C1,1.374,1.357,1.357,1.357,559,8.54
1,65.0124,-121.677,639,21.8,22.6,0.118,30.18,C1,1.439,1.357,1.357,1.357,586,8.54
1,64.4123,-125.837,640,23.5,22.8,0.164,14.32,C1,0.138,1.139,1.139,1.139,47,8.54
1,65.0167,-125.346,641,27.6,28.3,0.133,23.96,C1,0.624,1.32,1.32,1.32,247,8.54
1,65.9886,-121.789,642,18.5,20.4,0.252,25.61,C1,0.916,1.304,1.304,1.304,358,8.54
1,65.9971,-121.797,643,18.5,20.4,0.252,25.61,C1,0.916,1.304,1.304,1.304,358,8.54
1,66.08,-121.748,644,18.6,21.8,0.095,25.73,C1,1.047,1.305,1.305,1.305,410,8.54
1,66.0771,-121.77,645,18.9,21.5,0.095,25.96,C1,1.032,1.308,1.308,1.308,405,8.54
1,66.0741,-121.791,646,18.9,21.5,0.095,25.96,C1,1.032,1.308,1.308,1.308,405,8.54
1,66.0907,-121.739,647,18.6,21.8,0.095,25.73,C1,1.047,1.305,1.305,1.305,410,8.54
1,66.0878,-121.761,648,18.9,21.5,0.095,25.73,C1,1.047,1.305,1.305,1.305,410,8.54
1,66.0849,-121.782,649,18.9,21.5,0.095,25.96,C1,1.032,1.308,1.308,1.308,405,8.54
1,66.082,-121.803,650,18.9,21.5,0.095,25.96,C1,1.032,1.308,1.308,1.308,405,8.54
1,65.6259,-126.799,651,26.4,27.1,0.107,20.72,C1,0.371,1.276,1.276,1.276,142,8.54
1,65.6222,-126.82,652,26.4,27.1,0.107,20.72,C1,0.371,1.276,1.276,1.276,142,8.54
1,65.6184,-126.842,653,26.4,27.1,0.107,21.17,C1,0.403,1.284,1.284,1.284,155,8.54
1,65.6307,-126.829,654,26.4,27.1,0.107,20.72,C1,0.371,1.276,1.276,1.276,142,8.54
1,65.6269,-126.851,655,26.4,27.1,0.107,20.72,C1,0.371,1.276,1.276,1.276,142,8.54
1,65.6524,-126.877,656,26.3,27.1,0.108,21.99,C1,0.53,1.3,1.3,1.3,207,8.54
1,65.6609,-126.886,657,26.8,27.9,0.116,21.99,C1,0.53,1.3,1.3,1.3,207,8.54
0,65.6558,-127.614,658,28,27.8,0.086,19.71,C1,0.331,1.285,1.285,1.285,128,8.54
0,65.6517,-127.636,659,28.5,28.2,0.088,19.71,C1,0.331,1.285,1.285,1.285,128,8.54
1,65.6603,-127.645,660,28,27.8,0.086,19.71,C1,0.331,1.285,1.285,1.285,128,8.54
1,66.0298,-125.589,661,25.1,25.1,0.319,20.13,C1,0.369,1.285,1.285,1.285,142,8.54
0,65.719,-129.371,662,30.4,29.6,0.188,21.13,C1,0.371,1.354,1.354,1.354,151,8.54
1,65.9339,-130.079,663,30.6,29.3,0.188,21.15,C1,0.328,1.358,1.358,1.358,134,8.54
1,65.9292,-130.103,664,30.6,29.3,0.188,20.99,C1,0.333,1.355,1.355,1.355,135,8.54
1,65.9245,-130.127,665,30.6,29.3,0.188,20.99,C1,0.333,1.355,1.355,1.355,135,8.54
0,66.0201,-130.045,666,30.3,28.6,0.257,21.49,C1,0.353,1.365,1.365,1.365,145,8.54
1,66.0274,-130.171,667,30.2,28.6,0.256,21.41,C1,0.338,1.363,1.363,1.363,138,8.54
1,66.0226,-130.195,668,30.2,28.6,0.256,21.22,C1,0.326,1.359,1.359,1.359,133,8.54
1,66.0463,-130.199,669,30.1,27.4,0.388,21.49,C1,0.341,1.363,1.363,1.363,139,8.54
1,66.0725,-130.232,670,30.1,27.4,0.388,21.58,C1,0.339,1.364,1.364,1.364,139,8.54
0,66.0678,-130.255,671,30,27.5,0.399,21.43,C1,0.33,1.361,1.361,1.361,135,8.54
0,66.063,-130.279,672,30,27.5,0.399,21.43,C1,0.33,1.361,1.361,1.361,135,8.54
1,67.2627,-129.93,673,27.3,24.1,0.189,17.59,C1,0.055,1.28,1.28,1.28,21,8.54
1,67.2669,-129.963,674,27.6,24.5,0.18,16.86,C1,0.045,1.256,1.256,1.256,17,8.54
1,64.987,-121.589,675,22,23,0.195,29.66,M1_65,7.63,3.042,3.23762,0.450903,7411,8.54
1,64.9926,-121.616,676,22,23,0.195,30.03,M1_65,7.819,3.05,3.5762,0.443095,8389,8.54
1,64.9898,-121.636,677,22,23,0.195,30.03,M1_65,7.819,3.05,3.2157,0.443095,7543,8.54
1,64.9983,-121.643,678,22,23,0.195,30.03,M1_65,7.819,3.05,3.67535,0.443095,8621,8.54
1,65.7247,-127.721,679,28.4,27.9,0.087,20.46,M1_65,4.499,2.682,2.72674,0.942309,3680,8.54
0,64.7215,-121.243,680,23,23.4,0.45,26.75,M1_65,6.554,2.93,3.05945,0.572209,6015,8.54
1,64.1625,-125.535,681,25,25.6,0.149,18.81,M1_65,4.465,2.319,2.319,1.88871,3106,8.54
0,64.6443,-124.845,682,26.2,26.5,0.221,24.97,M1_50,4.885,2.524,2.53641,0.631597,3717,8.54
0,64.6409,-124.865,683,26.5,26.9,0.213,24.97,M1_50,4.885,2.524,2.54886,0.631597,3735,8.54
0,64.6375,-124.885,684,26.5,26.9,0.213,24.85,M1_65,5.891,2.878,3.14383,0.638013,5556,8.54
1,64.651,-124.856,685,26.5,26.9,0.213,24.97,M1_50,4.885,2.524,2.53643,0.631597,3717,8.54
1,64.6476,-124.877,686,26.5,26.9,0.213,24.97,M1_50,4.885,2.524,2.58776,0.631597,3792,8.54
1,64.6365,-125.173,687,26,26.7,0.169,22.89,M1_65,5.269,2.789,2.87905,0.763478,4551,8.54
1,64.645,-125.181,688,26,26.7,0.169,22.89,M1_65,5.269,2.789,2.94563,0.763478,4656,8.54
1,64.838,-124.85,689,27,27.6,0.175,25.27,M1_35,3.902,2.174,2.174,0.615009,2545,8.54
1,64.7196,-125.646,690,26.2,26.5,0.233,21.49,M1_35,3.138,2.065,2.065,0.850453,1944,8.54
1,64.8787,-124.894,691,27.1,28.1,0.123,25.06,M1_35,3.857,2.168,2.168,0.626228,2509,8.54
1,64.7717,-125.577,692,27.2,27.4,0.213,23.19,M1_50,4.42,2.458,2.4594,0.7409,3261,8.54
1,64.7802,-125.585,693,27.2,27.4,0.213,23.19,M1_50,4.42,2.458,2.45897,0.7409,3261,8.54
1,64.778,-125.655,694,27.4,27.5,0.215,23.02,M1_50,4.403,2.451,2.45503,0.753839,3243,8.54
0,65.3704,-125.328,695,26,26.4,0.229,22.67,M1_65,5.339,2.775,2.88948,0.785707,4628,8.54
1,65.6344,-126.809,696,26.4,27.1,0.107,22.67,M1_50,4.285,2.441,2.441,0.771277,3138,8.54
1,65.6391,-126.839,697,26.4,27.1,0.107,22.24,M1_50,4.816,2.428,2.46261,0.796872,3558,8.54
1,65.6354,-126.86,698,26.3,27.1,0.108,22.24,M1_50,4.816,2.428,2.45889,0.796872,3553,8.54
1,65.6571,-126.908,699,26.8,27.9,0.116,20.98,M1_65,4.725,2.715,2.79716,0.883961,3965,8.54
1,65.7207,-127.743,700,28.4,27.9,0.087,20.46,M1_65,4.499,2.682,2.69297,0.942309,3635,8.54
1,65.7167,-127.765,701,28.8,28,0.087,20.16,M1_65,4.489,2.667,2.67356,0.970602,3600,8.54
1,65.7333,-127.731,702,28.4,27.9,0.087,20.62,M1_50,3.737,2.362,2.362,0.928944,2648,8.54
1,65.7293,-127.753,703,28.4,27.9,0.087,20.62,M1_50,3.737,2.362,2.362,0.928944,2648,8.54
1,65.7378,-127.762,704,28.8,28,0.087,20.62,M1_50,3.737,2.362,2.362,0.928944,2648,8.54
1,65.8509,-131.781,705,30.6,29,0.065,17.06,M1_65,3.113,2.719,2.719,0.878032,2539,8.54
1,66.8969,-129.902,706,28.1,26.6,0.307,20.15,M1_35,2.042,2.443,2.443,0.237364,1497,8.54
1,66.8924,-129.925,707,28.1,26.6,0.307,20.15,M1_35,2.042,2.443,2.443,0.237364,1497,8.54
1,66.9584,-129.466,708,27.2,27,0.265,18.87,D1,0.655,1.411,1.411,1.411,277,8.54
1,66.9626,-129.499,709,27.2,27,0.265,18.87,D1,0.655,1.411,1.411,1.411,277,8.54
1,67.8012,-129.852,710,27.9,26,0.14,17.42,D2,0.661,1.348,1.348,3.56032,267,8.54
1,67.797,-129.875,711,27.9,26,0.14,16.91,D2,0.585,1.345,1.345,3.5494,236,8.54
1,67.7927,-129.898,712,27.9,26,0.14,16.91,D2,0.585,1.345,1.345,3.5494,236,8.54
1,67.7884,-129.921,713,27.9,26,0.14,17.7,D2,0.612,1.357,1.357,3.32744,249,8.54
1,68.0593,-132.293,714,28.5,27.6,0.126,14.91,D2,0.737,1.136,1.136,4.94097,251,8.54
1,68.0627,-132.33,715,28.5,27.6,0.126,14.91,D2,0.737,1.136,1.136,4.94097,251,8.54
0,68.0783,-132.415,716,28.4,27.1,0.131,14.67,D2,0.732,1.126,1.126,4.94012,247,8.54
0,68.0867,-132.428,717,28.4,27.1,0.131,14.67,D2,0.732,1.126,1.126,4.94012,247,8.54
0,68.0952,-132.44,718,28.4,27.1,0.131,14.92,D2,0.768,1.13,1.13,4.88862,260,8.54
1,68.1284,-132.329,719,28.5,27.6,0.126,14.49,D2,0.733,1.121,1.121,5.01798,247,8.54
1,68.1368,-132.342,720,28.5,27.6,0.126,14.37,D2,0.72,1.117,1.117,5.02881,241,8.54
1,68.155,-132.305,721,28.3,27.4,0.125,14.77,D2,0.755,1.127,1.127,4.99007,255,8.54
1,68.1453,-132.354,722,28.4,27.1,0.131,14.37,D2,0.72,1.117,1.117,5.02881,241,8.54
1,68.1624,-132.291,723,28.3,27.4,0.125,14.77,D2,0.755,1.127,1.127,4.99007,255,8.54
1,68.1575,-132.316,724,28.3,27.4,0.125,14.77,D2,0.755,1.127,1.127,4.99007,255,8.54
1,68.1526,-132.34,725,28.5,27.6,0.126,14.37,D2,0.72,1.117,1.117,5.02881,241,8.54
1,68.1477,-132.364,726,28.4,27.1,0.131,14.37,D2,0.72,1.117,1.117,5.02881,241,8.54
1,68.1659,-132.328,727,28.3,27.4,0.125,14.57,D2,0.756,1.121,1.121,5.01321,254,8.54
1,68.1611,-132.352,728,28.2,27.3,0.125,14.43,D2,0.721,1.117,1.117,5.00975,242,8.54
1,68.1744,-132.34,729,28.3,27.4,0.125,14.57,D2,0.756,1.121,1.121,5.01321,254,8.54
1,68.1695,-132.364,730,28.2,27.3,0.125,14.43,D2,0.721,1.117,1.117,5.00975,242,8.54
1,68.1646,-132.389,731,28.2,27.3,0.125,14.43,D2,0.721,1.117,1.117,5.00975,242,8.54
1,68.1631,-132.451,732,28.2,27.3,0.125,14.9,D2,0.756,1.126,1.126,4.90164,255,8.54
1,68.1864,-132.389,733,28.2,27.3,0.125,14.46,D2,0.73,1.117,1.117,5.02238,245,8.54
1,68.1814,-132.414,734,28.2,27.3,0.125,14.56,D2,0.723,1.119,1.119,4.97866,243,8.54
1,68.0776,-132.256,735,28.5,27.6,0.126,14.94,D1,0.749,1.137,1.137,4.97199,255,8.54
1,68.0726,-132.28,736,28.5,27.6,0.126,14.79,D1,0.732,1.133,1.133,4.97668,249,8.54
1,64.0741,-125.708,737,24.5,23.4,0.184,13.03,D1,0.733,0.958,0.958,9.959,211,8.54
1,64.0704,-125.729,738,24.5,23.4,0.184,13.03,D1,0.733,0.958,0.958,9.959,211,8.54
1,64.0827,-125.716,739,24.5,23.4,0.184,13.03,D1,0.733,0.958,0.958,9.959,211,8.54
1,64.0789,-125.738,740,24.5,23.4,0.184,13.03,D1,0.733,0.958,0.958,9.959,211,8.54
1,64.5763,-125.519,741,25,25,0.254,18.73,D1,0.916,1.236,1.236,7.55254,340,8.54
1,64.5727,-125.54,742,25,25,0.254,19.74,D2,0.89,1.253,1.253,7.39368,335,8.54
1,64.5691,-125.561,743,24.9,24.1,0.247,19.74,D2,0.89,1.253,1.253,7.39368,335,8.54
1,64.738,-125.713,744,26.4,26.5,0.237,21.47,D2,1.129,1.282,1.282,6.9296,434,8.54
1,64.7502,-125.7,745,27.4,27.5,0.215,21.47,D2,1.129,1.282,1.282,6.9296,434,8.54
1,64.7466,-125.721,746,27.4,27.5,0.215,21.47,D2,1.129,1.282,1.282,6.9296,434,8.54
1,64.7587,-125.709,747,27.4,27.5,0.215,21.47,D2,1.129,1.282,1.282,6.9296,434,8.54
1,65.0487,-125.383,748,27.4,28.1,0.131,23.91,D1,1.335,1.312,1.312,6.64466,525,8.54
1,65.0168,-125.568,749,27.1,27.1,0.218,23.5,D1,1.311,1.306,1.306,6.648,514,8.54
1,65.0324,-125.535,750,27.3,27.3,0.216,23.72,D1,1.335,1.309,1.309,6.62143,524,8.54
1,65.048,-125.502,751,27.1,27.8,0.131,23.75,D1,1.323,1.31,1.31,6.62933,520,8.54
1,65.0409,-125.543,752,27.3,27.3,0.216,23.72,D1,1.335,1.309,1.309,6.62143,524,8.54
1,64.7708,-125.696,753,27.4,27.5,0.215,22.43,D1,1.196,1.295,1.295,6.80443,465,8.54
1,66.3936,-119.302,754,20.1,24.5,0.183,29.87,D2,2.066,1.333,1.333,7.40819,826,8.54
1,66.3909,-119.325,755,20.1,24.5,0.183,29.87,D2,2.066,1.333,1.333,7.40819,826,8.54
1,66.3835,-119.525,756,20.1,25.2,0.176,29.89,D2,2.037,1.336,1.336,7.28325,816,8.54
1,66.3807,-119.548,757,20.1,25,0.181,29.77,D2,2.014,1.336,1.336,7.33811,807,8.54
1,66.0963,-121.768,758,18.9,21.5,0.095,23.33,D2,1.429,1.278,1.278,7.33961,548,8.54
1,66.0934,-121.789,759,18.9,21.5,0.095,23.56,D2,1.467,1.281,1.281,7.29277,564,8.54
1,66.0459,-121.649,760,18.1,20.5,0.046,26.34,D1,1.603,1.313,1.313,6.80327,631,8.54
1,66.3511,-119.495,761,20.1,25.2,0.176,30.5,D1,2.125,1.341,1.341,7.26433,855,8.54
1,65.6563,-127.667,762,28.4,27.9,0.087,20.35,D2,1.067,1.263,1.263,6.99928,404,8.54
0,65.6849,-127.567,763,28,27.8,0.086,19.68,D2,1.02,1.252,1.252,7.11139,383,8.54
1,66.8553,-129.678,764,27.8,28.5,0.211,19.12,D2,0.683,1.4,1.4,1.55045,287,8.54
1,67.5862,-130.519,765,28.1,26.8,0.136,17.25,D1,0.553,1.411,1.411,1.411,234,8.54
1,67.7129,-129.88,766,27.9,26.7,0.126,18.38,D1,0.64,1.393,1.393,2.17712,267,8.54
1,67.7213,-129.891,767,27.9,26.7,0.126,18.24,D1,0.661,1.382,1.382,2.60634,274,8.54
0,67.6651,-130.191,768,27.9,27,0.124,17.68,D1,0.57,1.405,1.405,1.51954,240,8.54
0,67.6779,-130.179,769,27.9,27,0.124,16.86,D1,0.54,1.387,1.387,2.15013,225,8.54
1,67.6647,-130.249,770,27.9,27,0.124,17.35,D1,0.566,1.4,1.4,1.66686,238,8.54
0,67.7161,-130.142,771,27.8,26.9,0.121,16.86,D1,0.556,1.371,1.371,2.76451,229,8.54
0,67.7118,-130.165,772,27.9,27,0.124,16.86,D1,0.556,1.371,1.371,2.76451,229,8.54
0,67.7074,-130.189,773,27.9,27,0.124,16.72,D1,0.54,1.38,1.38,2.41858,224,8.54
0,67.7031,-130.212,774,27.9,27,0.124,16.72,D1,0.54,1.38,1.38,2.41858,224,8.54
1,67.7971,-129.761,775,28,27.2,0.127,17.88,D1,0.669,1.355,1.355,3.44414,272,8.54
1,67.7929,-129.784,776,28,27.2,0.127,17.88,D1,0.669,1.355,1.355,3.44414,272,8.54
1,67.183,-132.865,777,30.9,28,0.153,19.55,D1,0.911,1.291,1.291,4.28042,353,8.54
1,67.8012,-129.795,778,28,27.2,0.127,17.88,D1,0.669,1.355,1.355,3.44414,272,8.54
1,67.1863,-132.904,779,30.9,28,0.153,19.55,D1,0.911,1.291,1.291,4.28042,353,8.54
0,67.7369,-130.199,780,27.9,27,0.124,16.99,D1,0.584,1.36,1.36,3.05437,238,8.54
0,67.7326,-130.222,781,27.9,27,0.124,17.18,D1,0.583,1.364,1.364,2.94416,239,8.54
1,67.8053,-129.886,782,27.9,26,0.14,17.82,D1,0.743,1.351,1.351,3.54725,301,8.54
1,67.801,-129.909,783,27.9,26,0.14,17.82,D1,0.743,1.351,1.351,3.54725,301,8.54
1,67.7968,-129.932,784,27.9,26,0.14,17.66,D1,0.666,1.352,1.352,3.48531,270,8.54
1,64.1175,-141.681,785,23.4,22.8,0.336,32.4,D1,0.615903,1.22348,1.22348,1.5053,226,8.47
1,64.2766,-144.95,786,20.5,20.7,0.282,22.1,M2_50,2.92264,2.68421,2.68421,0.448221,2353,8.47
1,65.5328,-137.031,787,27.6,33.8,0.049,20.59,O1a,0,0,0,6.42579,0,18.04
1,65.4185,-136.897,788,27.5,34.2,0.046,22.42,O1a,0,0,0,6.41012,0,18.04
1,65.4092,-136.932,789,27.5,34.2,0.046,23.27,O1a,0.023,0.35,0.35,0.35,2,18.04
1,65.9693,-135.535,790,28.1,26.9,0.064,15.04,D1,0.585,1.168,1.168,5.70492,205,18.04
0,65.805,-136.141,791,28.6,26.1,0.098,20.27,D1,1.191,1.246,1.246,5.91205,445,18.04
0,65.8126,-136.111,792,28.6,26.1,0.098,22.09,D1,1.253,1.279,1.279,5.5605,481,18.04
0,67.741,-130.233,793,27.9,27,0.124,17.18,D1,0.583,1.364,1.364,2.94416,239,8.54
1,67.7366,-130.256,794,28,27.2,0.125,17.18,D1,0.583,1.364,1.364,2.94416,239,8.54
1,67.7455,-130.245,795,27.7,25,0.162,17.15,D1,0.608,1.358,1.358,3.14708,248,8.54
1,68.0398,-132.259,796,28.8,29,0.111,14.98,D1,0.75,1.141,1.141,4.94507,257,8.54
1,68.0483,-132.272,797,28.5,27.6,0.126,14.89,D1,0.734,1.137,1.137,4.95284,250,8.54
1,68.0433,-132.296,798,28.8,29,0.111,14.89,D1,0.734,1.137,1.137,4.95284,250,8.54
1,68.1899,-132.426,799,28.2,27.3,0.125,14.62,D1,0.733,1.119,1.119,4.96073,246,8.54
0,64.4237,-118.871,800,19.9,21,0.467,25.29,D1,1.587,1.29,1.29,7.46597,614,8.54
0,64.4324,-118.877,801,19.9,21,0.467,24.99,D1,1.56,1.286,1.286,7.51253,602,8.54
0,64.4386,-118.903,802,19.9,21,0.467,24.99,D1,1.56,1.286,1.286,7.51253,602,8.54
1,64.4369,-118.992,803,19.9,21.3,0.436,25.19,D1,1.568,1.29,1.29,7.43622,607,8.54
1,64.4457,-118.998,804,20.1,21.2,0.415,25.19,D1,1.568,1.29,1.29,7.43622,607,8.54
1,64.4544,-119.004,805,20.1,21.2,0.415,25.17,D1,1.569,1.29,1.29,7.45864,607,8.54
1,64.4518,-119.025,806,20.1,21.2,0.415,25.34,D1,1.584,1.292,1.292,7.44026,614,8.54
1,64.1634,-121.547,807,22.9,23.5,0.435,19.71,D1,1.345,1.121,1.121,9.79631,452,8.54
1,64.1606,-121.566,808,22.9,23.5,0.435,19.61,D1,1.341,1.118,1.118,9.81856,450,8.54
1,64.1577,-121.586,809,22.9,23.5,0.435,19.61,D1,1.341,1.118,1.118,9.81856,450,8.54
1,64.5206,-119.511,810,19.9,21.2,0.404,25.24,D1,1.537,1.301,1.301,7.60177,600,8.54
0,64.3925,-120.811,811,21.6,22.3,0.508,23.85,D1,1.339,1.305,1.305,7.83539,524,8.54
1,64.5875,-119.722,812,19.9,21.8,0.275,24.13,D1,1.454,1.299,1.299,7.68524,567,8.54
1,64.5962,-119.728,813,19.9,21.8,0.275,24.13,D1,1.454,1.299,1.299,7.68524,567,8.54
1,64.9152,-119.819,814,20.6,21.9,0.291,24.26,D1,1.428,1.3,1.3,7.86272,557,8.54
1,64.0753,-125.589,815,24.2,23.8,0.186,12.22,D1,0.716,0.923,0.923,10.0331,198,8.54
1,64.1084,-125.573,816,24.2,23.8,0.186,13.3,D1,1.091,0.971,0.971,9.93281,318,8.54
1,64.0951,-125.704,817,24.5,23.4,0.184,15.01,D1,0.967,1.03,1.03,9.6391,299,8.54
1,64.0914,-125.725,818,24.5,23.4,0.184,14.13,D1,0.737,1,1,9.76468,221,8.54
1,66.0238,-137.617,819,28.5,27,0.093,21.84,C2,7.286,3.476,3.476,7.1211,7598,18.04
1,65.989,-137.555,820,28.5,27,0.093,21.5,C2,7.045,3.44,4.08437,7.11397,8632,18.04
0,65.8709,-137.168,821,29.4,27,0.093,20.45,C2,6.569,3.329,4.13769,6.95219,8154,18.04
0,65.8749,-137.169,822,29.4,27,0.093,20.45,C2,6.569,3.329,4.08586,6.95219,8052,18.04
0,65.8646,-137.155,823,29.4,27,0.093,20.45,C2,6.569,3.329,3.42212,6.95219,6744,18.04
1,65.7057,-135.054,824,31,30,0.057,23.5,C2,7.697,3.624,3.78128,7.40461,8731,15.35
1,67.2648,-132.424,825,31,30.4,0.114,19.06,C2,5.136,3.616,4.13068,6.60713,6365,8.54
0,65.8852,-137.379,826,29.2,26.9,0.099,19.98,C2,6.37,3.286,4.07392,6.89998,7785,18.04
0,65.9029,-137.312,827,29.3,27,0.095,19.56,C2,6.843,3.269,3.89619,6.90969,7998,18.04
1,67.215,-131.901,828,29.6,26.9,0.152,18.14,C2,4.227,3.815,4.2083,6.91148,5337,8.54
0,64.313,-114.743,829,19.1,19.5,0.189,29.42,C2,11.06,3.776,4.5632,9.52062,15141,5.87
0,64.3154,-114.718,830,19.1,19.5,0.189,29.27,C2,10.976,3.767,4.5542,9.4427,14996,5.87
0,63.4902,-135.836,831,24.4,26.1,0.153,16.66,C2,4.216,3.182,3.26029,5.31634,4124,8.65
1,65.5261,-126.636,832,26,25.5,0.143,17.36,C2,5.428,3.24,3.97449,7.68361,6472,8.54
1,66.9662,-128.94,833,27,27.3,0.275,19.81,C2,5.085,3.909,3.909,6.79086,5963,8.54
1,65.9662,-137.375,834,28.9,30,0.054,20.67,C2,6.247,3.376,3.88186,6.96101,7275,18.04
0,64.4604,-115.226,835,19.5,20,0.175,26.2,C2,9.824,3.498,4.22045,9.7161,12439,5.87
1,67.1771,-131.748,836,28.9,25.8,0.174,17.96,C2,4.221,3.893,4.34018,6.86125,5496,8.54
1,67.214,-131.892,837,29.6,26.9,0.152,18.14,C2,4.227,3.815,4.27681,6.91148,5423,8.54
1,65.9846,-137.552,838,28.5,27,0.093,20.83,C2,0,0,0,7.15599,0,18.04
1,65.979,-137.539,839,28.5,28.5,0.075,20.83,C2,0,0,0,7.15599,0,18.04
0,63.4164,-135.329,840,24,25.5,0.157,14.76,O1a,0.154,0.35,0.35,0.35,16,8.65
1,63.8679,-137.913,841,24.5,25,0.132,30.25,O1a,0.097,0.35,0.35,0.35,10,8.65
1,63.879,-137.93,842,24.5,25,0.132,30.25,O1a,0.097,0.35,0.35,0.35,10,8.65
0,63.6772,-140.393,843,22.4,21.9,0.306,29.13,O1a,0.023,0.35,0.35,0.35,2,8.65
0,65.4025,-135.945,844,28.5,30.5,0.052,21.59,O1a,0.029,0.35,0.35,0.35,3,18.04
1,65.4105,-135.914,845,28.5,30.5,0.052,21.59,O1a,0.029,0.35,0.35,0.35,3,18.04
1,65.3928,-135.93,846,28.5,30.5,0.052,21.59,O1a,0.029,0.35,0.35,0.35,3,18.04
1,65.4008,-135.899,847,28.5,30.5,0.052,21.59,O1a,0.029,0.35,0.35,0.35,3,18.04
1,66.4234,-136.755,848,28.5,26,0.124,15.21,O1a,0,0.35,0.35,0.35,0,18.04
0,66.3817,-136.602,849,28.8,26.5,0.098,16.31,O1a,0.017,0.35,0.35,0.35,2,18.04
1,66.0796,-135.629,850,26.5,27.1,0.056,12.97,O1a,0,0.35,0.35,0.35,0,18.04
0,65.4375,-133.4,851,26.2,31.8,0.05,20.2,O1a,0,0.35,0.35,0.35,0,15.35
0,65.4284,-133.419,852,26.2,31.8,0.05,20.2,O1a,0,0.35,0.35,0.35,0,15.35
1,64.7251,-118.868,853,19.7,21.4,0.33,24.49,O1a,0,0.35,0.35,0.35,0,8.54
1,64.7225,-118.889,854,19.7,21.4,0.33,24.49,O1a,0,0.35,0.35,0.35,0,8.54
1,64.6882,-125.61,855,26.2,26.5,0.233,20.34,O1a,0,0.35,0.35,0.35,0,8.54
1,64.6847,-125.63,856,26.2,26.5,0.233,20.34,O1a,0,0.35,0.35,0.35,0,8.54
1,65.6328,-129.462,857,29.8,27.4,0.19,20.8,O1a,0.009,0.35,0.35,0.35,1,8.54
1,65.669,-129.334,858,30.4,29.6,0.186,20.81,O1a,0,0.35,0.35,0.35,0,8.54
1,66.0796,-130.359,859,30,27.5,0.405,21.35,O1a,0,0.35,0.35,0.35,0,8.54
1,66.1712,-130.635,860,30.1,27.3,0.396,21.05,O1a,0,0.35,0.35,0.35,0,8.54
1,63.7936,-137.851,861,24.2,24,0.196,30.63,O1a,0,0.35,0.35,0.35,0,8.65
1,63.8047,-137.867,862,24.2,24,0.196,30.63,O1a,0,0.35,0.35,0.35,0,8.65
0,63.6908,-140.35,863,22.4,21.9,0.306,32.93,O1a,0,0.35,0.35,0.35,0,8.65
1,62.8716,-115.567,864,20.5,20.6,0.201,28.98,O1a,0.006,0.35,0.35,0.35,1,5.87
1,62.874,-115.546,865,20.5,20.6,0.201,28.98,O1a,0.006,0.35,0.35,0.35,1,5.87
1,65.9628,-129.881,866,30.2,29,0.378,21.67,O1a,0,0.35,0.35,0.35,0,8.54
1,64.0876,-125.745,867,24.5,23.4,0.184,14.13,D2,0.737,1,1,9.76468,221,8.54
1,61.8381,-135.152,868,22,21.2,0.136,22.39,D1,1.763,1.149,1.149,7.53882,608,8.65
1,61.8344,-135.155,869,21.8,21.6,0.141,22.39,D1,1.763,1.149,1.149,7.53882,608,8.65
0,62.6825,-136.009,870,23.9,22.1,0.266,20.08,D1,1.403,1.085,1.085,8.08717,457,8.65
1,63.7924,-133.84,871,27,33.3,0.054,21.88,D1,1.278,1.253,1.253,5.48397,480,8.65
0,62.9259,-137.856,872,23,21.3,0.275,22.08,D1,2.005,1.083,1.083,6.92568,651,8.65
1,65.6819,-135.995,873,28.2,26,0.091,23.15,D1,1.291,1.283,1.283,5.41016,497,15.35
0,65.6844,-134.982,874,31.2,30.9,0.053,23.18,D1,1.259,1.304,1.304,5.31633,493,15.35
1,65.5345,-135.371,875,29,28.9,0.059,22.67,D1,1.435,1.274,1.274,5.60417,548,15.35
1,65.5248,-135.357,876,29,28.9,0.059,22.67,D1,1.435,1.274,1.274,5.60417,548,15.35
1,67.3011,-129.926,877,27.3,24.1,0.189,17.35,D1,0.539,1.44,1.44,1.44,233,8.54
1,67.2777,-130.214,878,28.1,25.4,0.158,17.06,D1,0.554,1.441,1.441,1.441,239,8.54
1,67.4014,-130.206,879,28,26.9,0.128,18.22,D1,0.581,1.442,1.442,1.442,251,8.54
1,67.7166,-129.766,880,28,27.2,0.125,18.67,D1,0.652,1.393,1.393,2.22033,272,8.54
1,67.5733,-130.531,881,28.1,26.8,0.136,17.09,D1,0.536,1.41,1.41,1.41,227,8.54
0,67.5688,-130.555,882,28.5,28.7,0.104,17.09,D1,0.536,1.41,1.41,1.41,227,8.54
1,64.4651,-115.281,883,19.5,19.9,0.183,25.81,D1,1.74,1.27,1.27,8.78606,663,5.87
0,62.5705,-132.426,884,21.2,23,0.195,16.91,D1,1.175,1.173,1.173,7.2411,413,8.65
0,62.5663,-132.427,885,21.2,23,0.195,16.91,D1,1.175,1.173,1.173,7.2411,413,8.65
1,62.0771,-134.45,886,19.6,22.9,0.172,13.82,D1,0.767,1.02,1.02,7.4643,235,8.65
1,62.0698,-134.585,887,20.4,24.1,0.115,14.63,D1,1.088,1.033,1.033,7.7695,337,8.65
1,62.0599,-134.621,888,20.4,24.1,0.115,15.05,D1,0.905,1.041,1.041,7.74552,283,8.65
1,62.0812,-134.598,889,20.4,24.1,0.115,13.07,D1,1.105,0.985,0.985,7.94631,327,8.65
1,62.0717,-134.633,890,20.4,24.1,0.115,12.27,D1,0.686,0.955,0.955,8.04374,197,8.65
1,62.0924,-134.612,891,20.4,24.1,0.115,13.07,D1,1.105,0.985,0.985,7.94631,327,8.65
0,62.3252,-135.662,892,22.6,22.1,0.159,19.64,D1,1.471,1.048,1.048,8.44189,462,8.65
0,62.9247,-133.943,893,23.7,24.8,0.183,15.23,D1,0.941,1.081,1.081,7.1859,305,8.65
1,65.3947,-136.902,894,27.5,34.2,0.046,22.43,D1,1.296,1.226,1.226,5.46598,477,18.04
1,64.1932,-134.999,895,23.9,33.4,0.05,16.81,D1,0.958,1.106,1.106,5.92847,318,18.04
1,64.2013,-134.968,896,23.9,33.4,0.05,17.8,D1,1.044,1.13,1.13,5.81923,354,18.04
1,67.0528,-136.435,897,26,24.8,0.105,13.52,D2,0.813,1.059,1.059,3.12156,258,18.04
0,65.8967,-138.143,898,28.5,26.5,0.083,23,D2,1.415,1.263,1.263,5.96478,536,18.04
1,67.7971,-129.818,899,28,27.2,0.127,17.42,D2,0.661,1.348,1.348,3.56032,267,8.54
1,67.7928,-129.841,900,28,27.2,0.127,17.42,D2,0.661,1.348,1.348,3.56032,267,8.54
1,67.7886,-129.864,901,27.9,26,0.14,16.91,D2,0.585,1.345,1.345,3.5494,236,8.54
1,67.7844,-129.887,902,27.9,26,0.14,16.91,D2,0.585,1.345,1.345,3.5494,236,8.54
1,67.7801,-129.91,903,27.9,26,0.14,17.7,D2,0.612,1.357,1.357,3.32744,249,8.54
1,67.8054,-129.829,904,28,27.2,0.127,17.42,D2,0.661,1.348,1.348,3.56032,267,8.54
1,67.6955,-129.824,905,28,27.2,0.125,18.46,D2,0.643,1.396,1.396,2.05276,269,8.54
1,65.5776,-115.879,906,18.5,19.9,0.186,26.34,D1,1.735,1.287,1.287,9.4137,670,5.87
1,64.2947,-125.89,907,24.6,24.8,0.176,19.38,D1,1.093,1.189,1.189,8.58671,390,8.54
1,64.2911,-125.91,908,24.6,24.8,0.176,17.05,D1,1.134,1.137,1.137,8.92501,387,8.54
1,64.1306,-125.769,909,24.5,23.9,0.192,16.62,D1,1.02,1.083,1.083,9.31667,331,8.54
1,64.1553,-125.744,910,25.2,25.6,0.161,17.71,D1,1.101,1.116,1.116,9.308,369,8.54
1,64.1639,-125.753,911,25.2,25.6,0.161,18.15,D1,1.124,1.131,1.131,9.19064,381,8.54
1,64.458,-115.251,912,19.5,20,0.175,26.39,D1,1.8,1.278,1.278,8.68915,690,5.87
1,64.446,-115.27,913,19.5,19.9,0.183,26.29,D1,1.806,1.274,1.274,8.78482,690,5.87
1,64.4484,-115.245,914,19.5,20,0.175,26.39,D1,1.8,1.278,1.278,8.68915,690,5.87
0,63.5154,-121.414,915,22.1,22.6,0.575,15.66,D1,1.076,0.998,0.998,9.67512,322,8.54
1,65.9622,-129.938,916,30.2,29,0.378,21.57,D1,1.069,1.312,1.312,4.28788,421,8.54
1,65.9453,-129.859,917,30.2,29,0.378,21.62,D1,1.092,1.309,1.309,4.34662,429,8.54
1,65.9117,-130.082,918,30.6,29.3,0.188,20.83,D1,1.02,1.304,1.304,4.49808,399,8.54
1,64.0539,-137.917,919,24.2,29.6,0.069,31.2,D1,0,0,0,2.93501,0,8.65
1,65.4498,-136.069,920,28.4,27.1,0.072,23.02,D1,0,0,0,5.30526,0,18.04
1,65.152,-116.105,921,20,21.7,0.148,26.11,D1,0,0,0,8.88231,0,5.87
1,64.2154,-134.946,922,24.2,33.8,0.048,14.19,D1,0,0,0,6.33152,0,18.04
0,64.2098,-134.934,923,24.2,33.8,0.048,14.19,D1,0,0,0,6.33152,0,18.04
1,65.509,-127.128,924,27.1,28.1,0.096,21.64,D2,0,0,0,6.78298,0,8.54
1,64.2819,-144.95,925,20.5,20.7,0.282,22.1,M2_50,2.92264,1.01145,1.01145,0.448221,887,8.47
1,64.3195,-145.646,926,22.5,22,0.307,22.1,M2_50,2.92264,1.01145,1.01145,0.448221,887,16.43
0,65.7156,-135.915,927,28.3,26,0.094,21.46,M1_65,5.191,2.662,2.74359,0.979955,4273,18.04
0,65.7061,-135.9,928,28.3,26,0.094,21.46,M1_65,5.191,2.662,2.75083,0.979955,4284,18.04
1,65.4735,-135.88,929,29.1,27,0.08,23.57,M1_65,6.071,2.707,2.72029,0.898237,4954,18.04
1,65.464,-135.864,930,29.1,27,0.08,23.57,M1_65,6.071,2.707,2.73039,0.898237,4973,18.04
1,62.0918,-134.559,931,20.4,24.1,0.115,12.26,M1_25,1.39,1.321,1.321,4.34657,551,8.65
1,63.0647,-134.044,932,22.7,24.5,0.158,17.56,M2_25,2.6,1.574,1.574,1.99836,1228,8.65
1,64.1306,-137.863,933,24.2,29.6,0.069,24.13,M1_25,5.32,1.543,1.543,2.19591,2463,8.65
1,64.1419,-137.878,934,24.2,29.6,0.069,24.92,M1_25,5.09,1.561,1.561,2.08194,2384,8.65
0,61.8154,-135.123,935,22,21.2,0.136,21.43,M1_50,6.474,2.04,2.27454,1.91678,4418,8.65
0,61.8266,-135.138,936,22,21.2,0.136,21.43,M1_50,6.474,2.04,2.19947,1.91678,4272,8.65
0,65.7235,-127.636,937,28,27.8,0.086,20.28,M1_65,4.517,2.671,2.67811,0.96286,3629,8.54
1,65.4989,-127.014,938,26.7,27.8,0.095,20.89,M1_65,4.547,2.705,2.75608,0.901176,3760,8.54
1,64.0623,-137.937,939,24.2,29.6,0.069,31.2,M1_25,0,0,0,1.23419,0,8.65
1,65.3764,-136.918,940,27.5,34.2,0.046,17.53,M1_25,0,0,0,2.12444,0,18.04
1,65.3416,-134.822,941,27.9,27.3,0.058,20.7,M1_25,0,0,0,1.04404,0,18.04
1,62.5625,-132.459,942,21.5,23,0.207,18.23,C1,0.294,1.343,1.343,1.343,118,8.65
1,62.558,-132.46,943,21.5,23,0.207,18.23,C1,0.294,1.343,1.343,1.343,118,8.65
1,63.0562,-134.131,944,23.5,25,0.165,20.92,C1,0.603,1.372,1.372,1.372,248,8.65
1,63.0208,-134.267,945,23.6,23.4,0.168,22.87,C1,0.798,1.388,1.388,1.388,332,8.65
1,63.0581,-134.178,946,24.2,25.3,0.173,20.92,C1,0.603,1.372,1.372,1.372,248,8.65
1,63.0598,-134.14,947,23.5,25,0.165,20.92,C1,0.603,1.372,1.372,1.372,248,8.65
1,63.0238,-134.276,948,23.6,23.4,0.168,22.87,C1,0.798,1.388,1.388,1.388,332,8.65
1,63.0988,-134.875,949,23.1,22,0.196,18.83,C1,0.418,1.356,1.356,1.356,170,8.65
1,66.0042,-137.584,950,28.5,27,0.093,21.01,C1,0.427,1.38,1.38,1.38,177,18.04
1,66.0131,-137.551,951,28.5,27,0.093,21.01,C1,0.427,1.38,1.38,1.38,177,18.04
1,65.9944,-137.568,952,28.5,27,0.093,21.64,C1,0.477,1.384,1.384,1.384,198,18.04
1,66.0033,-137.535,953,28.5,28.5,0.075,21.01,C1,0.427,1.38,1.38,1.38,177,18.04
1,65.9898,-137.605,954,28.5,27,0.093,21.64,C1,0.477,1.384,1.384,1.384,198,18.04
1,65.9988,-137.571,955,28.5,27,0.093,21.01,C1,0.427,1.38,1.38,1.38,177,18.04
1,66.0737,-135.705,956,26.4,28,0.053,15.7,C1,0.138,1.322,1.322,1.322,55,18.04
1,66.0812,-135.675,957,26.4,28,0.053,15.7,C1,0.138,1.322,1.322,1.322,55,18.04
1,66.0716,-135.661,958,26.4,28,0.053,15.7,C1,0.138,1.322,1.322,1.322,55,18.04
1,65.6806,-135.947,959,28.3,26,0.094,20.84,C1,0.469,1.38,1.38,1.38,194,15.35
1,65.9628,-116.949,960,20,20.9,0.161,28.91,C1,1.598,1.323,1.35511,1.323,650,5.87
1,65.9545,-116.837,961,19.8,20.6,0.169,29.18,C1,1.708,1.328,1.38787,1.328,711,5.87
1,65.3646,-116.641,962,20,21.5,0.146,25.74,C1,1.226,1.329,1.329,1.329,489,5.87
1,64.8503,-119.658,963,20.5,21.8,0.316,23.93,C1,0.703,1.311,1.311,1.311,276,8.54
0,65.8869,-129.934,964,30.5,29.4,0.191,20.94,C1,0.326,1.356,1.356,1.356,133,8.54
1,66.8605,-129.564,965,27.7,28.5,0.214,19.14,C1,0.117,1.315,1.315,1.315,46,8.54
1,66.8279,-129.93,966,28.8,28.4,0.263,20.08,C1,0.128,1.328,1.328,1.328,51,8.54
1,66.9542,-129.488,967,27.2,27,0.265,18.44,C1,0.087,1.293,1.293,1.293,34,8.54
0,64.3057,-114.713,968,19.1,19.5,0.189,29.26,C1,1.454,1.353,1.37037,1.353,598,5.87
1,62.8863,-115.832,969,20.5,21,0.144,28.85,C1,1.082,1.339,1.339,1.339,435,5.87
1,67.2769,-132.312,970,31,29.9,0.125,19.14,C1,0.192,1.327,1.327,1.327,76,8.54
1,67.2718,-132.337,971,31,29.9,0.125,19.11,C1,0.192,1.327,1.327,1.327,76,8.54
1,64.7793,-119.918,972,19.9,20.5,0.386,24.29,C1,0.71,1.31,1.31,1.31,279,8.54
1,64.7906,-119.904,973,19.9,20.5,0.386,24.29,C1,0.71,1.31,1.31,1.31,279,8.54
1,65.9856,-137.408,974,28.9,30,0.054,20.78,C1,0.396,1.379,1.379,1.379,164,18.04
1,65.9758,-137.392,975,28.9,30,0.054,20.78,C1,0.396,1.379,1.379,1.379,164,18.04
0,67.0695,-132.267,976,30,26.9,0.169,18.57,C1,0.149,1.311,1.311,1.311,59,8.54
1,67.2054,-131.88,977,29.6,26.9,0.152,17.78,C1,0.104,1.282,1.282,1.282,40,8.54
1,64.8477,-119.679,978,20.5,21.8,0.316,23.98,C1,0.708,1.311,1.311,1.311,278,8.54
1,65.5298,-126.615,979,26,25.5,0.143,19.04,C1,0.288,1.233,1.233,1.233,107,8.54
0,65.5186,-126.678,980,26,25.1,0.135,16.83,C1,0.19,1.163,1.163,1.163,66,8.54
1,65.9252,-130.069,981,30.6,29.3,0.188,21.15,C1,0.328,1.358,1.358,1.358,134,8.54
1,65.9204,-130.092,982,30.6,29.3,0.188,20.92,C1,0.32,1.354,1.354,1.354,130,8.54
1,65.8057,-116.864,983,20,21.4,0.159,28.54,C1,0,0,0,1.16183,0,5.87
1,65.6458,-126.744,984,26.4,27,0.111,21.47,D1,0,0,0,6.84567,0,8.54
1,64.8817,-125.109,985,27.5,28.4,0.142,24.68,D1,0,0,0,6.6659,0,3.484
1,64.422,-118.959,986,19.9,21.3,0.436,25.28,C1,0,0,0,1.19337,0,8.54
1,65.5129,-127.106,987,27.1,28.1,0.096,21.23,D2,0,0,0,6.82918,0,8.54
1,65.5035,-127.045,988,27.1,28.1,0.096,21.61,D1,0,0,0,6.77282,0,8.54
1,65.5082,-127.076,989,27.1,28.1,0.096,21.23,D1,0,0,0,6.82918,0,8.54
1,65.9691,-137.523,990,28.5,28.5,0.075,21.02,C2,0,0,0,7.16602,0,18.04
1,64.4308,-118.965,991,19.9,21.3,0.436,25.28,D1,0,0,0,7.40459,0,8.54
1,63.5228,-135.933,992,24.8,25.6,0.139,18,C1,0.224,1.375,1.375,1.375,92,8.65
1,65.5168,-127.085,993,27.1,28.1,0.096,21.23,C1,0,0,0,1.0844,0,8.54
1,65.0522,-125.362,994,27.4,28.1,0.131,23.97,D1,1.341,1.313,1.313,6.65049,528,8.54
1,64.3574,-146.126,995,21.5,20.8,0.29,18,M2_50,1.91519,2.69523,2.69523,0.434729,1549,16.43
1,68.1829,-132.352,996,28.2,27.3,0.125,14.46,D2,0.73,1.117,1.117,5.02238,245,8.54
1,68.178,-132.377,997,28.2,27.3,0.125,14.56,D2,0.723,1.119,1.119,4.97866,243,8.54
1,68.173,-132.401,998,28.2,27.3,0.125,14.56,D2,0.723,1.119,1.119,4.97866,243,8.54
1,68.1681,-132.426,999,28.2,27.3,0.125,14.9,D2,0.756,1.126,1.126,4.90164,255,8.54
