Fire_Nofire,latitude1,longitude2,ref #,Max of temperature,Max of soil_temperature_0_to_7cm,Max of soil_moisture_0_to_7cm, fwi, fuel, ros, sfc, tfc, bfc, hfi, estarea
2,50.916,-78.5042,0,26.4,0.566,0.566,18.37,C1,1,1.41,1.41,1.41,423,7.74
2,50.9128,-78.5069,1,26.4,0.566,0.566,18.37,C1,1,1.41,1.41,1.41,423,7.74
2,50.8092,-78.5828,2,26.2,0.566,0.566,16.56,C1,0.771,1.4,1.4,1.4,324,18.76
2,50.8619,-78.5165,3,26.4,0.566,0.566,17.51,C1,0.887,1.404,1.404,1.404,374,18.76
2,50.8375,-78.6033,4,26.2,0.566,0.566,17.13,C1,0.839,1.403,1.403,1.403,353,18.76
2,50.9041,-78.5472,5,26.5,0.565,0.565,17.97,C1,0.951,1.408,1.408,1.408,402,18.76
2,50.9007,-78.5497,6,26.5,0.565,0.565,17.97,C1,0.951,1.408,1.408,1.408,402,18.76
2,50.7993,-78.5686,7,26.2,0.566,0.566,16.52,C2,7.214,2.204,2.47396,4.32213,5354,18.76
2,50.8233,-78.5931,8,26.2,0.566,0.566,16.85,C2,7.329,2.228,2.53051,4.41494,5564,18.76
2,51.2422,-77.2994,9,25.5,0.599,0.599,15.68,C2,7.201,1.931,2.34548,4.00794,5067,18.76
2,50.9147,-78.5599,10,26.5,0.565,0.565,17.85,C2,7.926,2.313,2.31884,4.76614,5514,18.76
1,50.7704,-78.4393,11,26,0.564,0.564,16.91,C2,7.264,2.253,2.39028,4.372,5209,18.76
1,50.7672,-78.4414,12,26,0.564,0.564,16.71,C2,7.199,2.236,2.2405,4.31684,4839,18.76
2,51.2196,-78.5929,13,27.4,0.431,0.431,23.53,C2,10.454,2.909,3.2645,6.0316,10238,18.76
2,51.2315,-78.5505,14,27.4,0.431,0.431,24.21,C2,10.763,2.971,3.55474,6.11555,11478,18.76
2,51.2224,-78.5882,15,27.4,0.431,0.431,23.53,C2,10.454,2.909,3.36714,6.0316,10560,18.76
2,51.2341,-78.5456,16,27.4,0.431,0.431,24.21,C2,10.763,2.971,3.036,6.11555,9803,18.76
2,50.8275,-78.5893,17,26.2,0.566,0.566,16.85,C2,7.329,2.228,2.36021,4.41494,5189,18.76
2,51.3312,-78.3711,18,27.1,0.53,0.53,26.86,C3,4.011,2.668,2.668,6.13902,3210,18.76
2,50.7813,-78.4514,19,26,0.564,0.564,16.91,C2,7.264,2.253,2.638,4.372,5749,18.76
2,50.7834,-78.5043,20,26.1,0.557,0.557,16.4,C2,7.087,2.2,2.50454,4.28211,5325,18.76
2,50.7976,-78.5141,21,26.1,0.557,0.557,16.14,C2,6.965,2.174,2.54209,4.26884,5312,18.76
2,50.8236,-78.4816,22,26.1,0.557,0.557,17.12,C3,1.814,1.457,1.457,4.40019,793,18.76
2,50.8116,-78.5246,23,26.1,0.557,0.557,16.48,C2,7.014,2.203,2.58808,4.33545,5446,18.76
2,50.8095,-78.4713,24,26.1,0.557,0.557,17.08,D1,1.434,0.929,0.929,6.04537,400,18.76
1,50.7563,-78.4292,25,26,0.564,0.564,16.55,C1,0.759,1.397,1.397,1.397,318,18.76
2,50.8174,-78.2682,26,26,0.572,0.572,17.48,C1,0.922,1.403,1.403,1.403,388,18.76
1,50.7652,-78.3884,27,26,0.564,0.564,16.87,C1,0.805,1.399,1.399,1.399,338,18.76
1,50.7531,-78.4313,28,26,0.564,0.564,16.55,C1,0.759,1.397,1.397,1.397,318,18.76
1,50.7933,-78.4086,29,26,0.564,0.564,17.18,C1,0.823,1.4,1.4,1.4,346,18.76
2,51.2454,-78.5606,30,27.5,0.441,0.441,24.63,C1,1.67,1.426,1.45456,1.43582,729,18.76
2,51.3879,-77.9271,31,26.5,0.579,0.579,21.31,C1,1.401,1.414,1.414,1.414,594,18.76
2,51.3877,-77.9201,32,26.5,0.579,0.579,21.31,C1,1.401,1.414,1.414,1.414,594,18.76
2,50.8134,-78.579,33,26.2,0.566,0.566,16.84,C1,0.803,1.401,1.401,1.401,338,18.76
2,51.5827,-78.1731,34,27,0.545,0.545,22.02,O1a,0.007,0.35,0.35,0.35,1,18.76
2,51.5692,-78.1633,35,27,0.545,0.545,22.02,O1a,0.007,0.35,0.35,0.35,1,18.76
2,53.4038,-77.456,36,24.3,0.167,0.167,10.97,D1,0.95,0.677,0.677,7.8824,193,29.77
2,51.0757,-78.5799,37,27.1,0.469,0.469,20.45,M1_35,4.529,1.556,1.556,3.3803,2114,18.76
2,51.0727,-78.5826,38,27.1,0.469,0.469,20.18,M1_35,4.482,1.538,1.538,3.54241,2068,18.76
2,53.3959,-77.4457,39,24.2,0.174,0.174,11.06,M1_25,1.924,0.908,0.908,17.2669,524,29.77
2,50.8376,-78.492,40,26.1,0.557,0.557,17.46,M2_25,3.104,1.274,1.274,5.02946,1186,18.76
2,53.3914,-77.4472,41,24.2,0.174,0.174,11.06,M1_25,1.924,0.908,0.908,17.2669,524,29.77
1,53.0595,-77.7578,42,24.8,0.55,0.55,12.87,M1_25,2.132,1.08,1.08,9.40865,691,29.77
2,50.7936,-78.5182,43,26.1,0.557,0.557,16.14,C2,6.965,2.174,2.62187,4.26884,5478,18.76
2,51.1759,-77.2537,44,25.4,0.606,0.606,15.55,C2,7.034,1.945,2.31402,4.03479,4883,26.54
2,51.4606,-77.1562,45,25.2,0.588,0.588,15.16,D1,1.467,0.79,0.79,6.41067,348,26.54
2,51.5094,-77.1465,46,25.2,0.595,0.595,14.42,D1,1.372,0.767,0.767,6.37041,316,26.54
2,51.4999,-77.183,47,25.2,0.588,0.588,14.77,D1,1.412,0.781,0.781,6.53152,331,26.54
2,51.4641,-77.1634,48,25.2,0.588,0.588,15.16,D1,1.467,0.79,0.79,6.41067,348,26.54
2,51.4904,-77.1812,49,25.2,0.588,0.588,14.77,D1,1.412,0.781,0.781,6.53152,331,26.54
2,50.8357,-78.5493,50,26.2,0.566,0.566,16.97,D1,1.429,0.919,0.919,6.20767,394,18.76
2,50.8498,-78.5596,51,26.5,0.565,0.565,17.29,D1,1.46,0.927,0.927,6.27909,406,18.76
2,51.0396,-77.9962,52,26,0.56,0.56,19.27,D1,1.67,0.982,0.982,6.33359,492,18.76
2,51.2446,-77.3058,53,25.5,0.599,0.599,16.05,D1,1.528,0.824,0.824,6.36947,378,18.76
2,51.2335,-78.603,54,27.4,0.431,0.431,23.55,D1,1.924,1.128,1.128,6.57008,651,18.76
2,50.8256,-78.5352,55,26.1,0.557,0.557,16.97,D1,1.429,0.919,0.919,6.20767,394,18.76
2,50.8397,-78.5454,56,26.2,0.566,0.566,16.97,D1,1.429,0.919,0.919,6.20767,394,18.76
2,50.8057,-78.4755,57,26.1,0.557,0.557,17.08,D1,1.434,0.929,0.929,6.04537,400,18.76
2,50.8216,-78.5392,58,26.1,0.557,0.557,16.83,D1,1.434,0.914,0.914,6.20648,393,18.76
2,50.7954,-78.4614,59,26.1,0.557,0.557,17.08,D1,1.434,0.929,0.929,6.04537,400,18.76
2,51.4511,-77.1926,60,25.2,0.588,0.588,15.32,M1_25,2.953,1.071,1.071,9.70679,949,10.885
2,51.3006,-77.077,61,25.4,0.61,0.61,14.34,M1_25,2.765,1.013,1.013,11.8505,840,26.54
2,51.4963,-77.1375,62,25.2,0.595,0.595,14.87,M1_25,2.884,1.044,1.044,10.6491,903,26.54
2,51.4869,-77.1359,63,25.2,0.595,0.595,14.87,M1_25,2.884,1.044,1.044,10.6491,903,26.54
2,51.5,-77.1448,64,25.2,0.595,0.595,14.87,M1_25,2.884,1.044,1.044,10.6491,903,26.54
2,51.1891,-77.2633,65,25.5,0.599,0.599,15.76,C1,0.881,1.397,1.397,1.397,369,26.54
2,51.1871,-77.255,66,25.5,0.599,0.599,15.76,C1,0.881,1.397,1.397,1.397,369,26.54
2,51.1858,-77.2166,67,25.4,0.606,0.606,15.4,C1,0.831,1.395,1.395,1.395,348,26.54
2,50.8198,-78.4856,68,26.1,0.557,0.557,17.12,C3,1.814,1.457,1.457,4.40019,793,18.76
2,50.8076,-78.5287,69,26.1,0.557,0.557,16.48,C2,7.014,2.203,2.60136,4.33545,5474,18.76
2,50.7951,-78.5724,70,26.2,0.566,0.566,16.52,C2,7.214,2.204,2.51222,4.32213,5437,18.76
2,50.8338,-78.4961,71,26.1,0.557,0.557,17.12,C3,1.814,1.457,1.457,4.40019,793,18.76
2,31.0935,-93.0214,72,38.6,0.234,0.234,29.5,C6,3.68565,1.5211,1.59626,6.93304,1765,27.89
2,31.091,-93.0541,73,38.4,0.242,0.242,29.5,C6,3.68565,1.22691,1.23653,6.93304,1367,27.89
2,30.2614,-93.2663,74,37,0.123,0.123,29.5,C6,3.68565,0.838,0.838918,6.93304,928,27.89
2,38.8691,-82.3273,75,26.8,0.383,0.383,2.2,C6,0.0228289,0.102723,0.102723,2.83143,1,27.89
2,31.0838,-93.0133,76,38.6,0.234,0.234,29.5,C6,3.68565,1.07892,1.1414,6.93304,1262,27.89
2,31.0756,-93.0493,77,38.4,0.242,0.242,29.5,C6,3.68565,1.10311,1.22061,6.93304,1350,27.89
2,38.8049,-81.9359,78,27.1,0.429,0.429,6,C6,0.297376,0.0776624,0.0776624,1.82171,7,27.89
2,31.0991,-93.0182,79,38.6,0.234,0.234,29.5,C3,3.58432,1.47674,1.47674,6.93304,1588,27.89
2,30.2589,-93.3122,80,37,0.123,0.123,29.5,C5,1.20125,0.733099,0.733099,6.93304,264,25.01
2,30.2525,-93.3051,81,37,0.123,0.123,29.5,C5,1.20125,0.858217,0.858217,6.93304,309,25.01
2,31.0852,-93.0574,82,38.4,0.242,0.242,29.5,O1b,2.16216,2.01889,2.01889,2.01889,1310,27.89
2,30.268,-93.2735,83,37,0.123,0.123,29.5,O1b,2.16216,1.05424,1.05424,1.05424,684,25.01
2,51.0665,-78.5841,84,27.1,0.469,0.469,20.18,M1_35,4.482,1.538,1.538,3.54241,2068,18.76
2,51.0695,-78.5792,85,27.1,0.469,0.469,20.18,M1_35,4.482,1.538,1.538,3.54241,2068,18.76
2,51.1838,-76.8966,86,25.6,0.626,0.626,13.7,C2,6.154,1.709,2.10231,3.62588,3881,26.54
2,50.8505,-78.5721,87,26.5,0.565,0.565,17.29,D1,1.46,0.927,0.927,6.27909,406,18.76
2,50.8391,-78.5384,88,26.1,0.557,0.557,16.97,D1,1.429,0.919,0.919,6.20767,394,18.76
2,52.6245,-104.469,89,23.1,0.158,0.158,13.36,farm,0,0,0,8.39998,0,0.601703
2,59.9579,-112.622,90,21.2,0.161,0.161,33.01,M1_65,8.626,3.252,3.252,0.27382,8416,6.91
2,59.9741,-112.572,91,21.2,0.161,0.161,33.24,D2,2.087,1.431,1.431,7.52424,896,6.91
2,60.7673,-112.833,92,21.3,0.296,0.296,30.93,C2,11.048,4.139,4.37022,14.3686,14485,7.29
2,61.2724,-111.642,93,18,0.112,0.112,30.04,C4,10.147,4.16,4.32614,14.3108,13169,5.87
2,61.3648,-111.355,94,17.5,0.136,0.136,28.79,C4,9.124,4.185,4.38086,14.5485,11991,5.87
2,61.3726,-111.302,95,17.5,0.151,0.151,28.39,O1a,0.006,0.35,0.35,0.35,1,5.87
2,59.6599,-116.116,96,21.6,0.469,0.469,18.66,C4,7.384,2.147,2.28362,7.05976,5059,6.82
2,59.6362,-116.173,97,21.5,0.472,0.472,18.59,C2,7.084,2.772,2.8381,7.03305,6032,6.82
2,59.6598,-116.108,98,21.6,0.469,0.469,18.73,C2,7.152,2.786,2.94531,7.08811,6319,6.82
2,60.2915,-111.502,99,18.9,0.102,0.102,32.73,C4,11.708,4.31,4.53642,13.5045,15934,5.87
2,60.7705,-111.266,100,18.1,18.4,0.084,29.81,C4,10.402,4.015,4.16164,13.8138,12987,5.87
2,60.5797,-112.633,101,21,20.2,0.332,32.66,C2,12.121,4.203,4.29729,14.0175,15626,4.55
2,60.4756,-111.369,102,18.8,19,0.094,31.18,O1a,0,0,0,13.4884,0,5.87
2,60.8077,-112.079,103,20,19.4,0.237,31.34,O1a,0,0,0,14.0041,0,5.87
2,60.7933,-112.117,104,20,19.4,0.237,31.82,O1a,0,0,0,14.0959,0,5.87
2,60.7811,-112.108,105,20,19.4,0.237,31.77,O1a,0,0,0,14.0529,0,5.87
2,60.6467,-112.247,106,20.2,19.6,0.255,32.5,O1a,0,0,0,13.9618,0,5.87
2,60.7791,-112.163,107,20.1,19.5,0.234,32.11,D2,2.016,1.413,1.413,9.11955,855,5.87
1,60.6931,-111.41,108,18.4,18.5,0.094,30.58,D2,1.853,1.401,1.401,9.34258,779,5.87
1,60.691,-111.403,109,18.4,18.5,0.094,30.58,D2,1.853,1.401,1.401,9.34258,779,5.87
2,60.236,-111.62,110,18.8,18.6,0.164,33.11,M1_35,5.582,2.432,2.4807,0.24907,4154,5.87
2,60.7935,-112.124,111,20,19.4,0.237,31.82,M1_65,0,0,0,0.315527,0,5.87
2,59.6361,-116.181,112,21.5,20.5,0.472,18.77,M1_35,3.432,1.682,1.682,2.41445,1732,6.82
2,64.4535,-115.248,113,19.5,20,0.175,26.39,D1,1.8,1.278,1.278,8.68915,690,5.87
2,64.7511,-125.662,114,27.4,27.5,0.215,21.93,D1,1.185,1.288,1.288,6.87864,458,8.54
2,66.3535,-119.539,115,20.1,25.2,0.176,30.4,D1,2.088,1.341,1.341,7.23937,840,8.54
2,64.4647,-115.266,116,19.5,19.9,0.183,25.81,D1,1.74,1.27,1.27,8.78606,663,5.87
2,64.1989,-113.258,117,17.2,17.9,0.21,28.07,D2,1.803,1.334,1.334,7.09415,722,5.87
2,64.1879,-113.297,118,17.2,17.9,0.21,28.16,D2,1.82,1.334,1.334,7.05072,728,5.87
2,26.4724,-109.187,119,35.7,47.8,0.076,67.6,farm,8.60896,0.35,0.35,0.35,904,4.21107
2,26.4704,-109.199,120,35.7,47.8,0.076,67.6,farm,8.60896,0.35,0.35,0.35,904,4.21107
2,33.0365,-108.394,121,33.2,36.7,0.181,75.5,C6,24.5514,0.218821,1.38762,28.6622,10220,14.02
2,33.5168,-108.587,122,27.7,25.8,0.223,119.9,C5,32.4562,0.476424,1.01166,16.6641,9850,14.02
2,33.5507,-107.839,123,29.1,34.8,0.096,65.4,C5,13.2136,0.19715,0.377185,28.9364,1495,14.02
2,33.5405,-107.848,124,29,33,0.121,65.4,C5,13.2136,0.336106,0.49327,28.9364,1955,14.02
2,33.0467,-108.458,125,33,34.5,0.248,119.9,C4,96.6216,0.207421,0.876051,16.6641,25394,14.02
2,33.2843,-108.346,126,30.5,30.1,0.166,75.5,C4,53.0398,0.574284,0.822178,28.6622,13082,14.02
2,33.3269,-108.366,127,29.1,27.8,0.246,75.5,O1b,10.3269,0.2128,0.2128,0.2128,659,14.02
2,33.274,-108.354,128,30.5,30.1,0.166,75.5,C6,24.5514,0.195168,0.71444,28.6622,5262,14.02
2,33.5493,-107.85,129,29.1,34.8,0.096,65.4,C6,19.6218,0.19715,0.599849,28.9364,3531,14.02
2,33.0318,-108.426,130,33.2,36.7,0.181,75.5,C5,18.8397,0.195168,0.880103,28.6622,4974,14.02
2,33.0349,-108.405,131,33.2,36.7,0.181,75.5,C5,18.8397,0.418021,1.01177,28.6622,5718,14.02
2,33.0395,-108.373,132,33.2,36.7,0.181,75.5,C5,18.8397,0.196197,0.619028,28.6622,3499,14.02
2,33.0468,-108.386,133,31.6,31,0.214,75.5,C5,18.8397,0.579276,1.22013,28.6622,6896,14.02
2,33.053,-108.415,134,31.6,31,0.214,75.5,C5,18.8397,0.195168,1.05693,28.6622,5974,14.02
2,33.5064,-108.596,135,27.7,25.8,0.223,119.9,C5,32.4562,1.08969,1.46733,16.6641,14287,14.02
2,33.0452,-108.468,136,33,34.5,0.248,119.9,C5,32.4562,0.203881,1.03061,16.6641,10035,14.02
2,33.6742,-109.262,137,27.1,28.5,0.237,119.9,C5,32.4562,2.78477,3.04932,16.6641,29691,14.02
2,33.6653,-109.26,138,27.1,28.5,0.237,119.9,C5,32.4562,0.203881,0.339578,16.6641,3306,14.02
2,33.038,-108.384,139,33.2,36.7,0.181,75.5,C5,18.8397,0.195168,1.04254,28.6622,5892,14.02
2,33.0545,-108.405,140,31.6,31,0.214,75.5,C5,18.8397,0.323332,1.14609,28.6622,6478,14.02
2,33.6226,-109.357,141,27.1,26.2,0.21,53.4,C5,6.87561,2.75721,2.75721,16.8797,5687,14.02
2,33.5751,-109.484,142,28.3,27.5,0.196,53.4,C5,6.87561,0.25159,0.25159,16.8797,519,14.02
2,33.5678,-109.471,143,28.3,27.5,0.196,53.4,C5,6.87561,0.321584,0.321584,16.8797,663,14.02
2,33.5696,-109.46,144,28.3,27.5,0.196,53.4,C5,6.87561,0.20444,0.20444,16.8797,422,14.02
2,33.5225,-108.611,145,27.7,25.8,0.223,119.9,C5,32.4562,0.270032,0.732236,16.6641,7130,14.02
2,33.2755,-108.344,146,30.5,30.1,0.166,75.5,O1b,10.3269,0.264073,0.264073,0.264073,818,14.02
2,33.4198,-108.495,147,27.9,26.5,0.234,75.5,O1b,10.3269,0.21393,0.21393,0.21393,663,14.02
2,33.2874,-108.325,148,30.5,30.1,0.166,75.5,O1b,10.3269,0.2128,0.2128,0.2128,659,14.02
2,33.3088,-108.427,149,29.1,27.8,0.246,75.5,O1b,10.3269,0.2128,0.2128,0.2128,659,14.02
2,33.576,-108.556,150,28.1,26.4,0.212,75.5,O1b,10.3269,0.2128,0.2128,0.2128,659,14.02
2,33.4214,-108.485,151,27.9,26.5,0.234,75.5,O1b,10.3269,1.21384,1.21384,1.21384,3761,14.02
2,33.4126,-108.483,152,27.9,26.5,0.234,75.5,O1b,10.3269,0.42703,0.42703,0.42703,1323,14.02
2,33.4032,-108.475,153,27.9,26.5,0.234,75.5,O1b,10.3269,0.2128,0.2128,0.2128,659,14.02
2,33.4141,-108.472,154,27.9,26.5,0.234,75.5,O1b,10.3269,0.246054,0.246054,0.246054,762,14.02
2,33.3207,-108.408,155,29.1,27.8,0.246,75.5,O1b,10.3269,0.2128,0.2128,0.2128,659,14.02
2,33.2947,-108.337,156,30.5,30.1,0.166,75.5,O1b,10.3269,0.2128,0.2128,0.2128,659,14.02
2,33.2771,-108.333,157,30.5,30.1,0.166,75.5,O1b,10.3269,0.225228,0.225228,0.225228,698,14.02
2,33.2786,-108.323,158,30.5,30.1,0.166,75.5,O1b,10.3269,0.2128,0.2128,0.2128,659,14.02
2,33.2824,-108.421,159,29.1,27.8,0.246,75.5,O1b,10.3269,0.2128,0.2128,0.2128,659,14.02
2,33.3347,-108.384,160,29.1,27.8,0.246,75.5,O1b,10.3269,0.2128,0.2128,0.2128,659,14.02
2,33.3362,-108.373,161,29.1,27.8,0.246,75.5,O1b,10.3269,0.2128,0.2128,0.2128,659,14.02
2,33.2859,-108.335,162,30.5,30.1,0.166,75.5,O1b,10.3269,0.439079,0.439079,0.439079,1360,14.02
2,33.5209,-108.621,163,27.7,25.8,0.223,119.9,O1b,18.4339,2.26943,2.26943,2.26943,12550,14.02
2,33.5152,-108.598,164,27.7,25.8,0.223,119.9,O1b,18.4339,0.362298,0.362298,0.362298,2004,14.02
2,33.6726,-109.273,165,27.1,28.5,0.237,119.9,O1b,18.4339,1.87761,1.87761,1.87761,10384,14.02
2,33.5729,-108.578,166,28.1,26.4,0.212,119.9,O1b,18.4339,0.2128,0.2128,0.2128,1177,14.02
2,33.6637,-109.271,167,27.1,28.5,0.237,119.9,O1b,18.4339,2.99043,2.99043,2.99043,16538,14.02
2,33.5641,-108.576,168,28.1,26.4,0.212,119.9,O1b,18.4339,0.2128,0.2128,0.2128,1177,14.02
2,33.5049,-108.607,169,27.7,25.8,0.223,119.9,O1b,18.4339,0.482416,0.482416,0.482416,2668,14.02
2,33.5258,-107.823,170,29,33,0.121,65.4,O1b,7.97845,0.2128,0.2128,0.2128,509,14.02
2,33.5522,-107.829,171,29.1,34.8,0.096,65.4,O1b,7.97845,0.2128,0.2128,0.2128,509,14.02
2,33.6209,-109.368,172,27.1,26.2,0.21,53.4,O1b,5.29107,2.45014,2.45014,2.45014,3889,14.02
2,33.6958,-97.9149,173,38.4,42.3,0.134,47.2,O1b,4.31873,0.447152,0.447152,0.447152,579,25.01
2,33.6942,-97.9201,174,38.4,42.3,0.134,47.2,O1b,4.31873,1.16736,1.16736,1.16736,1512,25.01
2,33.0422,-108.418,175,33.2,36.7,0.181,75.5,O1b,10.3269,0.2128,0.2128,0.2128,659,14.02
2,33.5744,-108.567,176,28.1,26.4,0.212,75.5,O1b,10.3269,0.2128,0.2128,0.2128,659,14.02
2,33.3104,-108.416,177,29.1,27.8,0.246,75.5,O1b,10.3269,0.2128,0.2128,0.2128,659,14.02
2,26.4363,-109.211,178,36.3,53.5,0.059,67.6,farm,8.60896,0.35,0.35,0.35,904,4.21107
2,33.3331,-108.394,179,29.1,27.8,0.246,75.5,O1b,10.3269,0.2128,0.2128,0.2128,659,14.02
2,33.0484,-108.375,180,31.6,31,0.214,75.5,M2_50,25.8637,0.350898,0.350898,0.117436,2723,14.02
2,33.3871,-108.46,181,27.9,26.5,0.234,75.5,M2_50,25.8637,0.202786,0.202786,0.117436,1573,14.02
2,33.3,-108.425,182,29.1,27.8,0.246,75.5,M2_50,25.8637,0.202786,0.202786,0.117436,1573,14.02
2,33.0561,-108.394,183,31.6,31,0.214,75.5,M2_50,25.8637,0.202786,0.202786,0.117436,1573,14.02
2,33.0406,-108.428,184,33.2,36.7,0.181,75.5,C4,53.0398,0.201342,0.96895,28.6622,15418,14.02
2,33.5656,-108.565,185,28.1,26.4,0.212,75.5,O1b,10.3269,0.2128,0.2128,0.2128,659,14.02
2,33.5137,-108.608,186,27.7,25.8,0.223,119.9,C5,32.4562,1.08245,1.4342,16.6641,13965,14.02
2,33.508,-108.585,187,27.7,25.8,0.223,119.9,C5,32.4562,0.984493,1.54259,16.6641,15020,14.02
2,37.3606,-106.804,188,23,21.5,0.168,69.2,C5,15.2528,2.75585,2.93317,21.3655,13422,8.47
2,38.1578,-112.441,189,26.4,25.6,0.184,89.8,C5,27.5974,1.49521,1.6532,9.14806,13687,8.47
2,38.1435,-112.445,190,28,31.5,0.165,89.8,C5,27.5974,1.95082,2.07423,9.14806,17173,8.47
2,37.362,-106.793,191,23,21.5,0.168,69.2,C3,38.2327,1.76989,2.59561,21.3655,29771,8.47
2,38.1553,-112.434,192,26.4,25.6,0.184,89.8,C3,81.5534,1.92001,2.51622,9.14806,61562,8.47
2,37.5201,-107.293,193,23.4,21.9,0.172,111.9,C3,100.782,1.8638,2.82105,12.1896,85293,8.47
2,36.0839,-106.802,194,24.3,23.1,0.188,71.1,C3,41.7481,1.34791,2.30109,15.6751,28820,8.47
2,36.1079,-106.76,195,24.3,23.1,0.188,71.1,C3,41.7481,2.81474,3.69857,15.6751,46323,8.47
2,36.0898,-106.756,196,24.3,23.1,0.188,71.1,C3,41.7481,2.85355,3.82571,15.6751,47915,8.47
2,38.1555,-112.455,197,27.3,27.1,0.182,57,C5,10.639,2.00546,2.00546,12.8309,6401,8.47
2,38.1507,-112.461,198,28.5,31.5,0.138,57,C5,10.639,2.18185,2.18185,12.8309,6964,8.47
2,38.1484,-112.474,199,28.5,31.5,0.138,57,C5,10.639,0.885391,0.885391,12.8309,2826,8.47
2,38.1624,-112.472,200,27.3,27.1,0.182,57,C5,10.639,0.806699,0.806699,12.8309,2575,8.47
2,36.1049,-106.783,201,24.3,23.1,0.188,71.1,C5,16.5739,1.75969,1.92432,15.6751,9568,8.47
2,36.1064,-106.771,202,24.3,23.1,0.188,71.1,C5,16.5739,2.03949,2.50952,15.6751,12478,8.47
2,36.0793,-106.766,203,24.3,23.1,0.188,71.1,C3,41.7481,2.49036,3.66537,15.6751,45907,8.47
2,36.0883,-106.768,204,24.3,23.1,0.188,71.1,C3,41.7481,1.86878,2.58639,15.6751,32393,8.47
2,36.0868,-106.779,205,24.3,23.1,0.188,71.1,C3,41.7481,1.58202,2.7337,15.6751,34238,8.47
2,36.0944,-106.793,206,24.3,23.1,0.188,71.1,C3,41.7481,1.58202,2.39811,15.6751,30035,8.47
2,36.1034,-106.795,207,24.3,23.1,0.188,71.1,C3,41.7481,1.58202,2.73999,15.6751,34317,8.47
2,36.0822,-106.743,208,24.9,23.9,0.191,71.1,C3,41.7481,2.85355,3.81524,15.6751,47784,8.47
2,36.0974,-106.77,209,24.3,23.1,0.188,71.1,C3,41.7481,1.48374,2.2587,15.6751,28289,8.47
2,36.0854,-106.791,210,24.3,23.1,0.188,71.1,C3,41.7481,2.4498,3.60833,15.6751,45192,8.47
2,36.0989,-106.758,211,24.3,23.1,0.188,71.1,C3,41.7481,2.73945,3.65229,15.6751,45743,8.47
2,36.0778,-106.778,212,24.3,23.1,0.188,71.1,C3,41.7481,2.37622,3.50674,15.6751,43920,8.47
2,36.0808,-106.754,213,24.9,23.9,0.191,71.1,C3,41.7481,2.85355,3.82542,15.6751,47911,8.47
2,38.1531,-112.468,214,28.5,31.5,0.138,57,C5,10.639,2.07544,2.07544,12.8309,6624,8.47
2,38.1648,-112.458,215,27.3,27.1,0.182,57,C5,10.639,0.506042,0.506042,12.8309,1615,8.47
2,34.4162,-111.344,216,28.6,27.8,0.224,90.6,O1b,17.6785,0.2128,0.2128,0.2128,1129,14.02
2,34.4184,-111.33,217,28.6,27.8,0.224,90.6,O1b,17.6785,0.214057,0.214057,0.214057,1135,14.02
2,38.153,-112.447,218,28,31.5,0.165,89.8,O1b,15.3547,2.49595,2.49595,2.49595,11497,8.47
2,36.5714,-112.04,219,33.1,34.9,0.1,58.8,O1b,6.38437,0.2128,0.2128,0.2128,408,24.34
2,36.5692,-112.053,220,29.6,29.9,0.189,58.8,O1b,6.38437,0.2128,0.2128,0.2128,408,24.34
2,38.1507,-112.482,221,28.5,31.5,0.138,57,M2_50,17.4517,2.0922,2.0922,0.354971,10954,8.47
2,34.8798,-108.098,222,29.3,40.3,0.082,78.5,M2_50,27.968,0.197867,0.197867,0.169002,1660,24.34
2,36.0959,-106.781,223,24.3,23.1,0.188,71.1,C3,41.7481,1.56131,2.60009,15.6751,32565,8.47
2,48.0377,-116.201,224,21.4,21,0.238,23,C3,0,3.25634,3.25634,8.32978,0,9.75
2,48.3646,-113.931,225,24.5,23.4,0.185,20.7,C3,0,0.955136,0.955136,11.8242,0,8.03
2,48.5373,-114.844,226,24.4,24,0.163,20.7,C3,0,2.74385,2.74385,11.8242,0,8.03
2,48.3516,-113.955,227,25.1,24,0.161,20.7,C3,0,1.52207,1.52207,11.8242,0,8.03
1,50.4499,-117.58,228,21,21.3,0.203,25.51,C7,2.475,3.125,3.125,6.31137,2320,6.31
2,50.3458,-121.692,229,22.6,21.7,0.197,6.57,C3,0.022,3.643,3.643,14.2797,24,6.31
2,50.7552,-117.15,230,20.5,21.9,0.288,29.84,C7,3.113,3.174,3.174,6.59568,2964,6.31
2,50.7584,-117.132,231,20.5,21.9,0.288,29.84,C7,3.113,3.174,3.174,6.59568,2964,6.31
1,50.6894,-117.101,232,21,20.1,0.204,38.95,C5,2.147,4.283,4.283,8.77288,2759,6.31
1,50.58,-117.245,233,22.1,22,0.172,28.87,C5,0.306,3.815,3.815,7.14906,350,6.31
1,50.4686,-117.005,234,23.8,22,0.228,25.57,C7,1.355,3.176,3.176,5.31246,1291,6.31
1,50.4565,-117.018,235,23.8,22,0.228,26.99,C5,0.308,3.897,3.897,5.3624,360,6.31
1,50.4583,-116.977,236,23.8,22,0.228,28.35,C3,3.923,4.191,4.22961,5.36443,4978,6.31
1,50.3387,-115.612,237,21.4,19.9,0.2,21.86,C3,0.606,4.046,4.046,10.0666,736,6.31
1,50.3322,-115.594,238,21.4,19.9,0.2,21.43,C3,0.745,4.11,4.11,10.122,919,6.31
1,49.7413,-114.909,239,23.4,21.9,0.222,29.11,C3,2.935,3.623,3.623,6.30411,3190,6.31
2,44.0168,-122.498,240,25.2,24.5,0.149,35.3,C3,3.86669,9.60921,10.5758,10.8571,12268,10.07
2,48.349,-113.911,241,24.5,23.4,0.185,20.7,C5,0.0998357,1.48816,1.48816,11.8242,45,8.03
2,48.3671,-113.974,242,25.1,24,0.161,20.7,C3,0,1.172,1.172,11.8242,0,8.03
2,48.3667,-113.917,243,24.5,23.4,0.185,20.7,C3,0,2.6084,2.6084,11.8242,0,8.03
2,44.0078,-122.534,244,25.2,24.5,0.149,35.3,C3,3.86669,8.46724,9.26158,10.8571,10744,10.07
1,49.6928,-114.919,245,23.4,21.9,0.222,32.08,O1a,1.707,0.35,0.35,0.35,179,6.31
2,50.7647,-117.152,246,20.5,21.9,0.288,23.75,D1,0,0,0,2.56987,0,6.31
2,50.7678,-117.134,247,20.5,21.9,0.288,23.75,O1a,0,0,0,5.99537,0,6.31
2,60.2389,-111.631,248,18.8,18.6,0.164,33.16,C2,12.266,4.289,4.43276,13.5682,16312,5.87
2,60.2791,-111.504,249,18.9,19,0.102,32.73,C4,11.708,4.31,4.53642,13.5045,15934,5.87
2,60.2994,-111.512,250,18.9,19,0.102,32.52,C4,11.619,4.301,4.31562,13.4707,15043,5.87
1,60.558,-111.322,251,18.4,18.7,0.084,30.7,C4,10.705,4.036,4.16162,13.4603,13365,5.87
1,60.5559,-111.347,252,18.4,18.7,0.084,30.7,C4,10.705,4.036,4.24366,13.4603,13629,5.87
1,60.685,-111.401,253,18.4,18.5,0.094,30.51,C4,10.733,4.072,4.20689,13.743,13546,5.87
2,61.3709,-111.354,254,17.5,17.5,0.151,28.79,C4,9.124,4.185,4.38086,14.5485,11991,5.87
2,61.3759,-111.362,255,17.5,17.8,0.136,28.79,C4,9.124,4.185,4.50679,14.5485,12336,5.87
2,61.4096,-111.719,256,18.1,19,0.134,29.24,C4,9.555,4.221,4.38491,14.601,12569,5.87
2,62.1195,-113.413,257,18.5,22,0.114,28.7,C4,11.039,3.495,3.64325,8.16664,12065,5.87
2,62.1173,-113.436,258,18.5,22,0.114,28.56,C4,11.154,3.434,3.75844,8.04841,12577,5.87
2,62.1368,-113.445,259,18.5,22,0.114,28.76,C4,11.049,3.511,3.66743,8.20906,12156,5.87
2,62.1346,-113.468,260,18.8,22.4,0.107,28.76,C4,11.049,3.511,3.68096,8.20906,12201,5.87
2,62.1563,-113.454,261,19.2,20.9,0.139,28.93,C4,10.734,3.632,3.80005,8.5827,12237,5.87
2,62.1661,-113.458,262,19.4,21.3,0.132,29.12,C4,10.671,3.708,3.81198,8.76402,12203,5.87
2,62.1638,-113.481,263,19.4,21.3,0.132,29.17,C4,10.869,3.676,3.95425,8.6805,12894,5.87
2,62.1616,-113.505,264,19.4,21.3,0.132,29.07,C4,10.906,3.635,3.83057,8.59316,12533,5.87
2,62.1593,-113.528,265,19.4,21.3,0.132,29.07,C4,10.906,3.635,3.635,8.59316,11893,5.87
1,62.1782,-113.439,266,19.2,20.9,0.139,29.12,C4,10.671,3.708,3.95618,8.76402,12665,5.87
1,60.6931,-111.429,267,18.4,18.5,0.094,30.58,D2,1.853,1.401,1.401,9.34258,779,5.87
2,60.8026,-112.131,268,20,19.4,0.237,31.74,D2,1.967,1.411,1.411,9.18857,833,5.87
2,62.1759,-113.462,269,19.4,21.3,0.132,29.12,C4,10.671,3.708,4.09221,8.76402,13100,5.87
2,62.1994,-113.325,270,19.1,20.5,0.156,31.31,C4,10.64,4.362,4.42947,13.4415,14139,5.87
1,62.188,-113.443,271,19.2,20.9,0.139,29.37,C4,10.583,3.789,4.03718,8.96036,12818,5.87
2,62.1834,-113.49,272,19.4,21.3,0.132,29.35,C4,10.775,3.758,3.95357,8.88403,12780,5.87
1,62.207,-113.353,273,19.1,20.5,0.156,31.31,C4,10.64,4.362,4.53298,13.4415,14469,5.87
1,62.1996,-113.429,274,19.2,20.9,0.139,29.31,C4,10.57,3.816,3.92875,9.03487,12458,5.87
2,61.0878,-111.656,275,18.8,20,0.135,29.76,O1a,0.02,0.35,0.35,0.35,2,5.87
2,61.3732,-111.328,276,17.5,17.5,0.151,28.39,O1a,0.006,0.35,0.35,0.35,1,5.87
2,61.4157,-111.269,277,17.5,17.5,0.151,28.23,O1a,0.041,0.35,0.35,0.35,4,5.87
2,62.1293,-113.417,278,18.5,22,0.114,28.84,O1a,0.014,0.35,0.35,0.35,1,5.87
1,51.0423,-119.782,279,25.5,24.3,0.167,36.59,M1_65,5.961,3.406,4.19277,0.178215,7498,6.31
1,51.0323,-119.777,280,25.5,24.3,0.167,36.59,M1_65,5.961,3.406,4.32818,0.178215,7740,6.31
1,51.5166,-117.53,281,21.8,20.4,0.236,32.34,C5,1.854,3.631,3.631,7.2661,2020,6.31
1,51.5137,-117.547,282,20.4,21.1,0.184,32.56,C5,1.625,3.627,3.627,7.3876,1768,6.31
2,51.0027,-119.87,283,25,23.8,0.176,33.96,C3,3.797,4.471,4.51658,13.7726,5145,6.31
2,51.0132,-119.873,284,25,23.8,0.176,33.96,C3,3.797,4.471,4.54809,13.7726,5181,6.31
2,51.0093,-119.893,285,25,23.8,0.176,37.67,C3,8.858,4.586,4.70945,14.8537,12515,6.31
1,50.8833,-122.899,286,21.4,19.6,0.265,30.91,C7,2.477,3.219,3.219,11.4952,2392,6.31
1,50.8786,-122.919,287,21.4,19.6,0.265,26.3,C3,3.024,3.913,3.913,10.7344,3550,6.31
1,50.8952,-122.903,288,21.4,19.6,0.265,29.55,C7,1.714,3.203,3.203,11.3728,1647,6.31
1,50.8874,-122.904,289,21.4,19.6,0.265,30.91,C7,2.477,3.219,3.219,11.4952,2392,6.31
1,50.8827,-122.925,290,21.4,19.6,0.265,26.3,C3,3.024,3.913,3.913,10.7344,3550,6.31
1,52.2815,-119.379,291,21.4,21.5,0.146,24.31,C5,0.885,2.182,2.182,4.48572,579,6.31
1,58.4073,-121.776,292,26.2,24.5,0.479,12.61,C1,0.309,1.364,1.364,1.364,126,4.55
1,58.3983,-121.77,293,26.2,24.5,0.479,12.61,C1,0.309,1.364,1.364,1.364,126,4.55
2,58.3728,-120.273,294,26.2,24.3,0.444,13.28,M1_35,2.963,1.098,1.098,12.5093,976,4.55
2,58.3552,-120.205,295,26,24.2,0.44,12.98,M1_35,2.887,1.085,1.085,13.0166,940,4.55
1,58.557,-120.02,296,26,24,0.45,14.03,D1,1.274,0.775,0.775,12.2961,296,4.55
1,58.4926,-120.126,297,26,24.1,0.445,13.47,C2,5.812,1.771,1.90191,7.96514,3316,4.55
2,59.6279,-116.183,298,21.5,20.5,0.472,17.98,C2,6.77,2.723,2.81042,6.93483,5708,6.82
2,59.6302,-116.165,299,21.5,20.5,0.472,18.73,C4,7.429,2.15,2.28837,7.01999,5100,6.82
2,60.7017,-116.9,300,22.6,21.6,0.247,24.86,M1_50,4.779,2.542,2.5681,0.603676,3682,8.54
2,60.6918,-116.909,301,22.6,21.6,0.247,24.86,M1_50,4.779,2.542,2.55342,0.603676,3661,8.54
2,60.6942,-116.891,302,22.6,21.6,0.247,24.86,M1_50,4.779,2.542,2.57098,0.603676,3686,8.54
2,60.6948,-116.813,303,22.8,21.8,0.244,24.98,M1_50,4.765,2.561,2.57118,0.577069,3676,8.54
2,60.7433,-116.943,304,22.6,21.6,0.247,25.22,C4,8.208,3.653,3.74192,12.1437,9214,8.54
2,56.1522,-107.978,305,17.5,18,0.175,21.46,C4,7.785,2.81,2.924,5.85988,6829,6.36
2,56.1502,-108.003,306,17.5,18,0.175,21.11,C3,1.567,2.786,2.786,5.84679,1310,6.36
2,56.1652,-107.955,307,17.6,17.9,0.187,21.36,C3,1.604,2.804,2.804,5.85378,1349,6.36
2,56.1632,-107.98,308,17.6,17.9,0.187,21.46,C4,7.785,2.81,2.9338,5.85988,6852,6.36
2,56.1613,-108.006,309,17.6,17.9,0.187,21.11,C3,1.567,2.786,2.786,5.84679,1310,6.36
2,56.1594,-108.031,310,17.6,17.9,0.187,21.37,C3,1.608,2.817,2.817,5.90545,1359,6.36
2,56.1783,-107.932,311,17.6,17.9,0.188,21.79,C3,1.686,2.845,2.845,5.91036,1439,6.36
2,56.1763,-107.957,312,17.6,17.9,0.187,21.79,C3,1.686,2.845,2.845,5.91036,1439,6.36
2,56.2114,-107.947,313,17.6,17.9,0.188,21.53,C4,7.708,2.848,3.03215,5.90908,7012,6.36
2,60.7786,-112.815,314,21.3,20.6,0.296,30.93,C2,11.048,4.139,4.56345,14.3686,15125,7.29
2,60.7019,-112.66,315,21.1,20.5,0.311,31.8,C2,11.63,4.161,4.23608,14.0894,14780,7.29
2,60.5826,-112.629,316,21,20.2,0.332,32.58,C2,12.082,4.197,4.29129,14.0358,15554,7.29
2,60.5728,-112.625,317,21,20.2,0.332,32.66,C2,12.121,4.203,4.29729,14.0175,15626,4.55
2,59.57,-114.279,318,20.1,19.7,0.46,25.39,C2,10.728,3.221,3.34843,10.2067,10777,6.82
2,59.6325,-116.147,319,21.4,20.4,0.473,18.73,C4,7.429,2.15,2.2465,7.01999,5007,6.82
2,59.6347,-116.13,320,21.4,20.4,0.473,18.71,C2,7.163,2.774,2.92601,7.02158,6288,6.82
2,59.6524,-116.138,321,21.4,20.4,0.473,18.66,C4,7.384,2.147,2.24987,7.05976,4984,6.82
2,59.6546,-116.121,322,21.4,20.4,0.473,18.66,C4,7.384,2.147,2.28362,7.05976,5059,6.82
2,59.6569,-116.103,323,21.6,20.6,0.469,18.73,C2,7.152,2.786,2.93801,7.08811,6304,6.82
2,59.639,-116.169,324,21.5,20.5,0.472,18.59,C2,7.084,2.772,2.92276,7.03305,6211,6.82
2,59.6413,-116.152,325,21.4,20.4,0.473,18.59,C2,7.084,2.772,2.92161,7.03305,6209,6.82
2,59.6435,-116.134,326,21.4,20.4,0.473,18.66,C4,7.384,2.147,2.28257,7.05976,5056,6.82
2,59.6481,-116.099,327,21.4,20.4,0.473,18.72,C2,7.163,2.778,2.93118,7.03647,6299,6.82
2,59.5792,-114.283,328,20.1,19.7,0.46,25.39,C2,10.728,3.221,3.36069,10.2067,10816,6.82
2,59.5814,-114.264,329,20.1,19.7,0.46,25.39,C2,10.728,3.221,3.512,10.2067,11303,6.82
2,60.4718,-111.387,330,18.8,19,0.094,31.18,O1a,0,0,0,13.4884,0,5.87
2,59.6458,-116.116,331,21.4,20.4,0.473,18.66,C4,7.384,2.147,2.20676,7.05976,4888,6.82
2,60.9733,-111.601,332,18.8,22.8,0.063,29.75,O1a,0,0,0,14.1764,0,5.87
2,59.9644,-112.8,333,21,20.4,0.229,32.51,D1,2.057,1.415,1.415,8.49094,873,6.91
2,59.9635,-112.793,334,21,20.4,0.229,32.51,D1,2.057,1.415,1.415,8.49094,873,6.91
2,60.7232,-112.652,335,20.9,20.2,0.317,31.76,D1,1.962,1.412,1.412,9.14152,831,7.29
1,58.4107,-121.757,336,26.2,24.5,0.479,12.6,D1,0.97,0.815,0.815,12.987,237,4.55
1,58.4017,-121.751,337,26.2,24.5,0.471,12.6,D1,0.97,0.815,0.815,12.987,237,4.55
2,58.6649,-119.942,338,25.6,23.8,0.452,14.53,D1,1.307,0.802,0.802,12.4169,314,6.82
2,58.5324,-119.943,339,25.5,23.8,0.385,13.49,D1,1.214,0.758,0.758,12.1169,276,6.82
2,61.4136,-111.296,340,17.5,17.5,0.151,27.93,D1,1.449,1.415,1.415,9.37739,615,5.87
2,60.5749,-112.603,341,21,20.2,0.332,32.71,D2,2.066,1.419,1.419,8.66745,879,4.55
2,59.9637,-112.592,342,21.2,21,0.161,33.13,D2,2.091,1.43,1.43,7.54677,897,6.91
2,59.9658,-112.57,343,21.2,21,0.161,33.24,D2,2.096,1.431,1.431,7.52636,900,6.91
2,59.968,-112.548,344,21.2,21,0.161,33.24,D2,2.096,1.431,1.431,7.52636,900,6.91
2,59.7925,-114.289,345,20.6,20.1,0.458,26.43,D1,1.9,1.253,1.253,10.9527,714,6.82
2,59.7693,-114.238,346,20.8,20.3,0.454,26.39,D1,1.884,1.252,1.252,10.9844,708,6.82
2,59.7903,-114.309,347,20.6,20.1,0.458,26.43,D1,1.9,1.253,1.253,10.9527,714,6.82
2,58.4402,-120.15,348,25.8,24.1,0.437,13.3,D1,1.211,0.745,0.745,11.988,271,4.55
1,58.4867,-120.103,349,26,24.1,0.445,13.32,D1,1.205,0.748,0.748,11.9923,270,4.55
1,58.4895,-120.086,350,26,24.1,0.445,13.32,D1,1.205,0.748,0.748,11.9923,270,4.55
1,58.4519,-120.139,351,26,24.1,0.445,13.3,D1,1.211,0.745,0.745,11.988,271,4.55
1,61.2873,-111.264,352,17.5,17.6,0.142,28.7,D1,0,0,0,9.50247,0,5.87
2,56.1723,-108.009,353,17.6,17.9,0.187,21.39,M1_65,5.513,2.529,2.59829,1.26591,4297,6.36
2,56.1704,-108.034,354,17.6,17.9,0.187,21.55,M1_65,5.526,2.541,2.62049,1.23875,4344,6.36
2,56.1684,-108.059,355,17.6,17.9,0.2,21.55,M1_65,5.526,2.541,2.57342,1.23875,4266,6.36
2,56.2004,-107.937,356,17.6,17.9,0.188,21.63,M1_50,4.585,2.238,2.238,1.23314,3078,6.36
2,56.1984,-107.963,357,17.6,17.9,0.187,21.63,M1_50,4.585,2.238,2.238,1.23314,3078,6.36
2,56.2003,-107.944,358,17.6,17.9,0.188,21.63,M1_50,4.585,2.238,2.238,1.23314,3078,6.36
2,56.2278,-108.029,359,17.6,17.9,0.187,21.27,M1_50,4.397,2.245,2.245,1.21376,2961,6.36
2,56.2258,-108.054,360,17.6,17.9,0.2,21.03,M1_65,5.261,2.55,2.6162,1.2165,4129,6.36
2,60.6031,-112.731,361,21.2,20.5,0.333,32.45,M1_65,8.422,3.217,3.39437,0.299188,8576,7.29
2,60.3744,-112.672,362,21.2,20.3,0.348,33.26,M1_65,8.757,3.249,3.33061,0.276493,8750,7.29
1,58.414,-121.739,363,26.2,24.5,0.471,12.71,M1_35,2.504,1.208,1.208,8.95197,907,4.55
1,58.5598,-120.003,364,26,24,0.45,13.99,M1_35,3.121,1.145,1.145,10.7959,1072,4.55
1,58.4983,-120.092,365,26,24.1,0.445,13.48,M1_65,4.622,1.416,1.416,12.0619,1963,4.55
2,58.2261,-120.463,366,26.3,24.5,0.461,13.06,M1_50,3.685,1.239,1.239,12.8534,1370,4.55
2,58.229,-120.446,367,26,24.2,0.462,13.06,M1_50,3.685,1.239,1.239,12.8534,1370,4.55
1,58.5742,-119.974,368,26,24,0.45,13.99,M1_50,3.954,1.306,1.306,10.7397,1549,6.82
2,60.7948,-112.104,369,20,19.4,0.237,31.32,M1_25,4.277,2.092,2.092,0.324437,2684,5.87
1,51.0454,-119.766,370,26,24.4,0.176,36.59,M1_65,5.961,3.406,3.97828,0.178215,7114,6.31
1,59.9647,-112.682,371,21.1,20.6,0.204,32.91,M1_50,7.114,2.821,2.88094,0.282266,6149,6.91
2,58.4431,-120.133,372,25.8,24.1,0.437,13.12,M1_65,4.495,1.389,1.389,12.8534,1873,4.55
2,58.4389,-119.992,373,25.5,23.9,0.437,12.86,M1_35,2.836,1.081,1.081,13.1827,920,6.82
2,60.7926,-112.128,374,20,19.4,0.237,31.82,M1_65,0,0,0,0.315527,0,5.87
1,50.8907,-122.923,375,21.4,19.6,0.265,20.42,C2,0,0,0,9.78157,0,6.31
2,59.9615,-112.613,376,21.2,21,0.161,33.01,M1_65,8.626,3.252,3.25566,0.27382,8425,6.91
2,62.7346,-113.708,377,19.1,21.4,0.185,30.75,C4,0,0,0,14.7962,0,5.87
2,58.6621,-119.959,378,25.7,23.8,0.454,14.51,D1,1.307,0.8,0.8,12.449,314,6.82
1,65.7953,-136.126,379,28.6,26.1,0.098,20.27,D1,1.191,1.246,1.246,5.91205,445,18.04
1,65.803,-136.096,380,28.6,26.1,0.098,22.09,D1,1.253,1.279,1.279,5.5605,481,18.04
1,65.6963,-135.885,381,28.3,26,0.094,23,D1,1.329,1.284,1.284,5.53409,512,18.04
1,65.6865,-135.871,382,28.3,26,0.094,23,D1,1.329,1.284,1.284,5.53409,512,18.04
2,65.399,-136.917,383,27.5,34.2,0.046,22.43,D1,1.296,1.226,1.226,5.46598,477,18.04
2,65.4081,-136.883,384,27.5,34.2,0.046,22,D1,1.433,1.22,1.22,5.5514,524,18.04
2,65.3857,-136.936,385,27.5,34.2,0.046,22.46,D1,1.374,1.225,1.225,5.44556,505,18.04
2,65.4036,-136.868,386,27.5,34.2,0.046,22,D1,1.433,1.22,1.22,5.5514,524,18.04
1,65.6856,-135.772,387,28.4,26,0.097,20.84,D1,1.237,1.249,1.249,5.89764,464,18.04
2,65.6932,-135.742,388,28.5,26.1,0.095,19.25,D1,1.152,1.221,1.221,6.17332,422,18.04
1,65.6757,-135.758,389,28.4,26,0.097,20.84,D1,1.237,1.249,1.249,5.89764,464,18.04
2,65.6833,-135.728,390,28.5,26.1,0.095,19.25,D1,1.152,1.221,1.221,6.17332,422,18.04
2,65.9437,-135.586,391,29.5,27.4,0.073,18.46,M1_25,2.006,1.759,1.759,1.11926,1059,18.04
1,65.9514,-135.555,392,28,27,0.063,18.46,M1_25,2.006,1.759,1.759,1.11926,1059,18.04
2,65.4186,-135.882,393,28.5,30.5,0.052,23.43,M1_25,3.231,1.82,1.82,0.91399,1764,18.04
2,65.4085,-135.868,394,28.5,30.5,0.052,23.43,M1_25,3.231,1.82,1.82,0.91399,1764,18.04
2,65.383,-135.915,395,28.5,30.5,0.052,22.33,M1_25,3.273,1.787,1.787,1.02106,1755,18.04
2,65.3165,-134.656,396,27.6,27.4,0.057,21,M1_25,2.413,1.795,1.795,0.993312,1299,18.04
2,67.0452,-136.465,397,26.8,24.7,0.154,14.35,M1_25,1.908,1.503,1.503,2.48504,860,18.04
1,67.0143,-136.538,398,27.7,25.1,0.178,13.53,M1_25,1.724,1.469,1.469,2.75911,760,18.04
2,66.4317,-136.774,399,28.5,26,0.124,15.44,M1_25,1.821,1.597,1.597,1.86369,872,18.04
2,66.4395,-136.744,400,26.2,0.111,0.111,16.61,M1_25,1.962,1.635,1.635,1.65573,962,18.04
2,66.4138,-136.74,401,26.2,0.111,0.111,15.52,M1_25,1.924,1.601,1.601,1.8373,924,18.04
2,66.4214,-136.71,402,26.2,0.111,0.111,15.52,M1_25,1.924,1.601,1.601,1.8373,924,18.04
2,66.4044,-136.724,403,26.2,0.111,0.111,15.52,M1_25,1.924,1.601,1.601,1.8373,924,18.04
2,66.4119,-136.694,404,26.2,0.111,0.111,15.52,M1_25,1.924,1.601,1.601,1.8373,924,18.04
2,66.005,-137.634,405,27,0.093,0.093,22.13,M1_25,2.782,1.829,1.829,0.885728,1526,18.04
2,66.0218,-137.519,406,28.5,0.075,0.075,21.22,M1_25,2.64,1.804,1.804,0.965099,1429,18.04
2,66.0207,-137.47,407,28.5,0.075,0.075,21.9,M1_25,2.745,1.825,1.825,0.899592,1503,18.04
2,66.0856,-135.763,408,28.2,0.058,0.058,11.72,M1_25,1.085,1.504,1.504,2.47859,490,18.04
2,66.0931,-135.733,409,28,0.053,0.053,14.48,M1_25,1.623,1.627,1.627,1.69802,792,18.04
2,66.0763,-135.748,410,28,0.053,0.053,11.72,M1_25,1.085,1.504,1.504,2.47859,490,18.04
2,66.0836,-135.718,411,28,0.053,0.053,14.48,M1_25,1.623,1.627,1.627,1.69802,792,18.04
2,66.0909,-135.689,412,28,0.053,0.053,14.48,M1_25,1.623,1.627,1.627,1.69802,792,18.04
2,65.9856,-135.527,413,26.9,0.064,0.064,16.09,C1,0.165,1.323,1.323,1.323,65,18.04
1,65.9782,-135.552,414,27,0.063,0.063,17.6,C1,0.213,1.345,1.345,1.345,86,18.04
2,65.6903,-135.962,415,26,0.091,0.091,20.9,C1,0.404,1.38,1.38,1.38,167,18.04
1,65.6984,-135.93,416,26,0.094,0.094,20.9,C1,0.404,1.38,1.38,1.38,167,18.04
1,65.6886,-135.915,417,26,0.094,0.094,20.84,C1,0.469,1.38,1.38,1.38,194,18.04
2,65.4171,-136.849,418,34.2,0.046,0.046,21.34,C1,0.76,1.381,1.381,1.381,315,18.04
1,65.4306,-136.037,419,30.2,0.052,0.052,21.55,C1,0.611,1.384,1.384,1.384,254,18.04
1,65.4386,-136.006,420,30.2,0.052,0.052,24.08,C1,0.969,1.401,1.401,1.401,407,18.04
2,65.456,-135.895,421,27,0.08,0.08,22.74,C1,0.64,1.391,1.391,1.391,267,18.04
2,65.4542,-135.849,422,27,0.08,0.08,23.52,C1,0.744,1.397,1.397,1.397,312,18.04
1,65.4441,-135.835,423,30.8,0.052,0.052,23.52,C1,0.744,1.397,1.397,1.397,312,18.04
2,64.1519,-137.843,424,28.3,0.081,0.081,27.05,C1,2.683,1.409,1.409,1.409,1134,18.04
2,64.1906,-134.955,425,33.4,0.05,0.05,19.74,C1,0.533,1.378,1.378,1.378,220,18.04
2,66.7655,-136.939,426,25.4,0.228,0.228,15.04,C1,0.165,1.373,1.373,1.373,68,18.04
2,65.8873,-138.178,427,26.4,0.086,0.086,22.91,C1,0.692,1.394,1.394,1.394,289,18.04
2,66.014,-137.601,428,27,0.093,0.093,21,C1,0.428,1.38,1.38,1.38,177,18.04
2,66.023,-137.567,429,27,0.093,0.093,21,C1,0.428,1.38,1.38,1.38,177,18.04
2,65.9952,-137.618,430,27,0.093,0.093,21.64,C1,0.477,1.384,1.384,1.384,198,18.04
2,65.4135,-136.884,431,34.2,0.046,0.046,22.42,O1a,0,0,0,6.41012,0,18.04
2,65.4223,-136.851,432,34.2,0.046,0.046,20.95,O1a,0,0,0,6.2894,0,18.04
2,64.9546,-135.926,433,29.5,0.059,0.059,20.99,O1a,0,0,0,6.54928,0,18.04
2,65.2793,-134.648,434,28.9,0.053,0.053,22.78,O1a,0,0,0,7.42535,0,18.04
2,65.0424,-134.915,435,30.8,0.053,0.053,24.01,O1a,0,0,0,7.13311,0,18.04
2,65.0405,-134.869,436,30.8,0.053,0.053,22.09,O1a,0,0,0,6.9292,0,18.04
2,65.4139,-133.322,437,32.3,0.048,0.048,18.27,O1a,0,0,0,7.3353,0,18.04
2,65.4208,-133.292,438,32.3,0.048,0.048,17.05,O1a,0,0,0,7.13492,0,18.04
2,66.0666,-135.734,439,28,0.053,0.053,12.26,O1a,0,0,0,5.69208,0,18.04
1,64.1413,-137.826,440,28.3,0.081,0.081,27.41,C2,15.394,3.074,3.07454,4.24683,14199,18.04
1,64.1588,-134.918,441,33.8,0.048,0.048,20.77,C2,4.977,3.183,3.35959,5.88338,5016,18.04
2,66.281,-139.078,442,26.7,0.084,0.084,19.04,C2,5.82,3.318,3.63194,7.67646,6341,18.04
2,66.2708,-139.061,443,26.7,0.084,0.084,19.23,C2,6.126,3.321,3.98543,7.67994,7324,18.04
1,66.2803,-138.974,444,26.8,0.092,0.092,19.45,C2,5.909,3.339,3.60455,7.6386,6390,18.04
1,66.2508,-139.027,445,26.8,0.092,0.092,18.92,C2,5.912,3.292,3.292,7.72033,5839,18.04
2,65.3849,-136.885,446,34.2,0.046,0.046,22.9,O1a,0,0.35,0.35,0.35,0,18.04
1,65.3031,-136.471,447,27.4,0.056,0.056,20.57,O1a,0,0.35,0.35,0.35,0,18.04
2,65.3117,-136.438,448,27.6,0.054,0.054,18.24,O1a,0.023,0.35,0.35,0.35,2,18.04
2,65.4655,-135.911,449,27,0.08,0.08,24.79,O1a,0.012,0.35,0.35,0.35,1,18.04
1,65.2976,-136.457,450,27.4,0.056,0.056,20.57,O1a,0,0.35,0.35,0.35,0,18.04
2,65.4387,-135.91,451,30.5,0.052,0.052,20.31,O1a,0.005,0.35,0.35,0.35,1,18.04
1,65.2788,-136.475,452,27.4,0.056,0.056,20.44,O1a,0,0.35,0.35,0.35,0,18.04
2,65.4045,-136.918,453,34.2,0.046,0.046,23.27,O1a,0.023,0.35,0.35,0.35,2,18.04
1,65.4066,-135.823,454,30.8,0.052,0.052,24.15,O1a,0.067,0.35,0.35,0.35,7,18.04
1,65.4146,-135.792,455,30.8,0.052,0.052,24.68,O1a,0.006,0.35,0.35,0.35,1,18.04
2,65.3243,-134.839,456,27.3,0.058,0.058,20.56,O1a,0,0.35,0.35,0.35,0,18.04
2,64.9833,-135.922,457,29.5,0.059,0.059,22.94,O1a,0.018,0.35,0.35,0.35,2,18.04
2,64.9649,-135.939,458,29.5,0.059,0.059,22.59,O1a,0,0.35,0.35,0.35,0,18.04
2,64.9735,-135.907,459,29.5,0.059,0.059,22.59,O1a,0,0.35,0.35,0.35,0,18.04
2,64.9446,-135.911,460,28.5,0.061,0.061,22.51,O1a,0,0.35,0.35,0.35,0,18.04
2,64.9392,-135.897,461,28.5,0.061,0.061,22.51,O1a,0,0.35,0.35,0.35,0,18.04
1,65.4351,-133.39,462,31.8,0.05,0.05,20.2,O1a,0,0.35,0.35,0.35,0,18.04
1,65.4258,-133.376,463,31.8,0.05,0.05,20.2,O1a,0,0.35,0.35,0.35,0,18.04
2,65.0326,-134.901,464,30.8,0.053,0.053,24.1,O1a,0,0.35,0.35,0.35,0,18.04
2,66.2412,-139.061,465,27.4,0.07,0.07,18.61,O1a,0.009,0.35,0.35,0.35,1,18.04
2,66.0149,-137.651,466,27,0.093,0.093,21.83,O1a,0.021,0.35,0.35,0.35,2,18.04
2,66.0328,-137.583,467,27,0.093,0.093,21.32,O1a,0.02,0.35,0.35,0.35,2,18.04
2,65.4464,-135.88,468,27,0.08,0.08,22.27,D1,1.527,1.252,1.252,5.45409,574,18.04
2,65.4365,-135.865,469,30.5,0.052,0.052,22.27,D1,1.527,1.252,1.252,5.45409,574,18.04
2,65.4265,-135.851,470,30.5,0.052,0.052,23.02,D1,1.437,1.269,1.269,6.18843,547,18.04
1,65.4344,-135.82,471,30.8,0.052,0.052,23.57,D1,1.522,1.274,1.274,5.2379,582,18.04
2,65.3485,-134.794,472,28.5,0.059,0.059,23.31,D1,1.346,1.292,1.292,5.63678,522,18.04
2,65.3317,-134.809,473,27.3,0.058,0.058,21.2,D1,1.293,1.258,1.258,6.12361,488,18.04
2,65.324,-134.625,474,28.9,0.053,0.053,19.66,D1,0.949,1.238,1.238,6.14649,352,18.04
2,65.3306,-134.598,475,28.9,0.053,0.053,21.56,D1,1.658,1.274,1.274,5.77934,634,18.04
2,65.3141,-134.613,476,28.9,0.053,0.053,19.66,D1,0.949,1.238,1.238,6.14649,352,18.04
2,64.1828,-134.986,477,33.4,0.05,0.05,16.29,D1,0.956,1.093,1.093,5.99045,313,18.04
2,64.1722,-134.973,478,33.4,0.05,0.05,16.29,D1,0.956,1.093,1.093,5.99045,313,18.04
2,66.2377,-139.051,479,27.4,0.07,0.07,19.56,D1,1.052,1.238,1.238,6.91175,391,18.04
1,66.2472,-139.017,480,26.8,0.092,0.092,19.56,D1,1.052,1.238,1.238,6.91175,391,18.04
2,66.431,-136.725,481,26.2,0.111,0.111,16.53,D1,0.884,1.163,1.163,3.78684,308,18.04
2,66.0511,-135.58,482,27.1,0.056,0.056,12.61,D1,0.549,1.112,1.112,6.30521,183,18.04
1,65.876,-137.414,483,26.9,0.099,0.099,22.14,M2_25,2.743,1.81,1.81,0.943757,1489,18.04
2,65.4404,-136.052,484,29.6,0.054,0.054,21.55,C1,0.611,1.384,1.384,1.384,254,18.04
2,65.4481,-136.022,485,27,0.078,0.078,24.08,C1,0.969,1.401,1.401,1.401,407,18.04
1,65.6962,-135.04,486,30.9,0.053,0.053,23.38,M1_65,5.442,2.809,2.91969,0.734205,4767,15.35
1,65.419,-133.406,487,31.8,0.05,0.05,20.2,O1a,0,0.35,0.35,0.35,0,15.35
1,65.6773,-135.006,488,30.9,0.053,0.053,23.38,M1_65,5.352,2.808,3.02462,0.735059,4856,15.35
1,65.6604,-135.021,489,30.9,0.053,0.053,23.4,M1_65,5.432,2.809,2.91732,0.734546,4754,15.35
1,65.6677,-134.992,490,30.9,0.053,0.053,23.4,M1_65,5.432,2.809,2.93558,0.734546,4784,15.35
1,65.6749,-134.962,491,30.9,0.053,0.053,23.46,M1_50,4.509,2.467,2.47553,0.725072,3349,15.35
1,65.6508,-135.007,492,29.4,0.065,0.065,24.23,M1_65,5.723,2.829,2.99974,0.704365,5150,15.35
1,65.6581,-134.978,493,30.9,0.053,0.053,23.4,M1_65,5.432,2.809,2.87502,0.734546,4685,15.35
2,65.6339,-135.023,494,29.4,0.065,0.065,24.33,M1_65,5.778,2.833,2.97876,0.699396,5163,15.35
2,65.6169,-135.039,495,29.4,0.065,0.065,24.27,M1_50,4.766,2.477,2.47851,0.707759,3544,15.35
2,65.6243,-135.009,496,29.4,0.065,0.065,24.42,M1_65,5.831,2.838,2.96882,0.691955,5193,15.35
2,64.411,-145.72,497,20.5,0.318,0.318,22.1,M2_50,2.92264,2.68421,2.68421,0.448221,2353,16.43
2,64.39,-145.777,498,20.5,0.315,0.315,22.1,M2_50,2.92264,2.68421,2.68421,0.448221,2353,16.43
2,63.5733,-133.881,499,28.2,0.096,0.096,24.4,M1_50,5.109,2.358,2.39713,0.937266,3674,8.65
